#
# There is insufficient memory for the Java Runtime Environment to continue.
# Native memory allocation (mmap) failed to map 65536 bytes for Failed to commit metaspace.
# Possible reasons:
#   The system is out of physical RAM or swap space
#   The process is running with CompressedOops enabled, and the Java Heap may be blocking the growth of the native heap
# Possible solutions:
#   Reduce memory load on the system
#   Increase physical memory or swap space
#   Check if swap backing store is full
#   Decrease Java heap size (-Xmx/-Xms)
#   Decrease number of Java threads
#   Decrease Java thread stack sizes (-Xss)
#   Set larger code cache with -XX:ReservedCodeCacheSize=
#   JVM is running with Unscaled Compressed Oops mode in which the Java heap is
#     placed in the first 4GB address space. The Java Heap base address is the
#     maximum limit for the native heap growth. Please use -XX:HeapBaseMinAddress
#     to set the Java Heap base and to place the Java Heap above 4GB virtual address.
# This output file may be truncated or incomplete.
#
#  Out of Memory Error (virtualSpaceNode.cpp:110), pid=333360, tid=334508
#
# JRE version: OpenJDK Runtime Environment Temurin-17.0.10+7 (17.0.10+7) (build 17.0.10+7)
# Java VM: OpenJDK 64-Bit Server VM Temurin-17.0.10+7 (17.0.10+7, mixed mode, tiered, compressed oops, compressed class ptrs, parallel gc, windows-amd64)
# No core dump will be written. Minidumps are not enabled by default on client versions of Windows
#

---------------  S U M M A R Y ------------

Command Line: --add-modules=ALL-SYSTEM --add-opens=java.base/java.util=ALL-UNNAMED --add-opens=java.base/java.lang=ALL-UNNAMED --add-opens=java.base/sun.nio.fs=ALL-UNNAMED -Declipse.application=org.eclipse.jdt.ls.core.id1 -Dosgi.bundles.defaultStartLevel=4 -Declipse.product=org.eclipse.jdt.ls.core.product -Djava.import.generatesMetadataFilesAtProjectRoot=false -DDetectVMInstallationsJob.disabled=true -Dfile.encoding=utf8 -XX:+UseParallelGC -XX:GCTimeRatio=4 -XX:AdaptiveSizePolicyWeight=90 -Dsun.zip.disableMemoryMapping=true -Xmx1G -Xms100m -Xlog:disable -javaagent:c:\Users\raguv\.vscode\extensions\redhat.java-1.28.1-win32-x64\lombok\lombok-1.18.31.jar c:\Users\raguv\.vscode\extensions\redhat.java-1.28.1-win32-x64\server\plugins\org.eclipse.equinox.launcher_1.6.700.v20231214-2017.jar -configuration c:\Users\raguv\AppData\Roaming\Code\User\globalStorage\redhat.java\1.28.1\config_ss_win -data c:\Users\raguv\AppData\Roaming\Code\User\workspaceStorage\3369feadbb714503eb105f69fa7612c8\redhat.java\ss_ws --stdio

Host: 11th Gen Intel(R) Core(TM) i7-11800H @ 2.30GHz, 16 cores, 15G,  Windows 11 , 64 bit Build 22621 (10.0.22621.3235)
Time: Wed Mar 20 16:39:25 2024 India Standard Time elapsed time: 1.111977 seconds (0d 0h 0m 1s)

---------------  T H R E A D  ---------------

Current thread (0x00000217326a6a50):  JavaThread "Start Level: Equinox Container: c27c2066-9ba2-47f1-9d93-298439cea6b0" daemon [_thread_in_vm, id=334508, stack(0x0000008ce9a00000,0x0000008ce9b00000)]

Stack: [0x0000008ce9a00000,0x0000008ce9b00000]
Native frames: (J=compiled Java code, j=interpreted, Vv=VM code, C=native code)
V  [jvm.dll+0x67d2c9]
V  [jvm.dll+0x834afa]
V  [jvm.dll+0x8365be]
V  [jvm.dll+0x836c23]
V  [jvm.dll+0x2477ff]
V  [jvm.dll+0x8307bb]
V  [jvm.dll+0x621d16]
V  [jvm.dll+0x1c183e]
V  [jvm.dll+0x624671]
V  [jvm.dll+0x6226b6]
V  [jvm.dll+0x23d160]
V  [jvm.dll+0x1ec25b]
V  [jvm.dll+0x1e1c01]
V  [jvm.dll+0x5427ce]
V  [jvm.dll+0x7aeb88]
V  [jvm.dll+0x7aec74]
V  [jvm.dll+0x4108f5]
V  [jvm.dll+0x416a79]
C  [java.dll+0x17ec]

Java frames: (J=compiled Java code, j=interpreted, Vv=VM code)
J 1143  java.lang.ClassLoader.defineClass1(Ljava/lang/ClassLoader;Ljava/lang/String;[BIILjava/security/ProtectionDomain;Ljava/lang/String;)Ljava/lang/Class; java.base@17.0.10 (0 bytes) @ 0x000002172103d05b [0x000002172103cfa0+0x00000000000000bb]
J 1801 c1 java.lang.ClassLoader.defineClass(Ljava/lang/String;[BIILjava/security/ProtectionDomain;)Ljava/lang/Class; java.base@17.0.10 (43 bytes) @ 0x0000021719779bd4 [0x0000021719779880+0x0000000000000354]
J 1889 c1 org.eclipse.osgi.internal.loader.ModuleClassLoader.defineClass(Ljava/lang/String;[BLorg/eclipse/osgi/internal/loader/classpath/ClasspathEntry;)Lorg/eclipse/osgi/internal/loader/ModuleClassLoader$DefineClassResult; (138 bytes) @ 0x00000217197b60ac [0x00000217197b5e40+0x000000000000026c]
J 2040 c1 org.eclipse.osgi.internal.loader.classpath.ClasspathManager.defineClass(Ljava/lang/String;[BLorg/eclipse/osgi/internal/loader/classpath/ClasspathEntry;Lorg/eclipse/osgi/storage/bundlefile/BundleEntry;Ljava/util/List;)Ljava/lang/Class; (636 bytes) @ 0x0000021719807434 [0x0000021719805a60+0x00000000000019d4]
J 1844 c1 org.eclipse.osgi.internal.loader.classpath.ClasspathManager.findClassImpl(Ljava/lang/String;Lorg/eclipse/osgi/internal/loader/classpath/ClasspathEntry;Ljava/util/List;)Ljava/lang/Class; (308 bytes) @ 0x00000217197a1bcc [0x000002171979ede0+0x0000000000002dec]
J 1843 c1 org.eclipse.osgi.internal.loader.classpath.ClasspathManager.findLocalClassImpl(Ljava/lang/String;[Lorg/eclipse/osgi/internal/loader/classpath/ClasspathEntry;Ljava/util/List;)Ljava/lang/Class; (55 bytes) @ 0x000002171979994c [0x00000217197997c0+0x000000000000018c]
J 2030 c1 org.eclipse.osgi.internal.loader.classpath.ClasspathManager.findLocalClassImpl(Ljava/lang/String;Ljava/util/List;)Ljava/lang/Class; (132 bytes) @ 0x00000217197fd4d4 [0x00000217197fcfc0+0x0000000000000514]
J 1834 c1 org.eclipse.osgi.internal.loader.classpath.ClasspathManager.findLocalClass(Ljava/lang/String;)Ljava/lang/Class; (210 bytes) @ 0x000002171978c3bc [0x000002171978b720+0x0000000000000c9c]
J 1832 c1 org.eclipse.osgi.internal.loader.BundleLoader.findLocalClass(Ljava/lang/String;)Ljava/lang/Class; (152 bytes) @ 0x000002171978e6ec [0x000002171978dea0+0x000000000000084c]
J 1755 c1 org.eclipse.osgi.internal.loader.BundleLoader.findClass0(Ljava/lang/String;ZZ)Ljava/lang/Class; (470 bytes) @ 0x0000021719762494 [0x000002171975fda0+0x00000000000026f4]
J 1754 c1 org.eclipse.osgi.internal.loader.BundleLoader.findClass(Ljava/lang/String;)Ljava/lang/Class; (8 bytes) @ 0x000002171975d89c [0x000002171975d820+0x000000000000007c]
J 1757 c1 org.eclipse.osgi.internal.loader.ModuleClassLoader.loadClass(Ljava/lang/String;Z)Ljava/lang/Class; (36 bytes) @ 0x000002171975e2bc [0x000002171975e0a0+0x000000000000021c]
J 818 c1 java.lang.ClassLoader.loadClass(Ljava/lang/String;)Ljava/lang/Class; java.base@17.0.10 (7 bytes) @ 0x00000217195890bc [0x0000021719588fc0+0x00000000000000fc]
j  org.eclipse.osgi.internal.framework.EquinoxBundle.loadClass(Ljava/lang/String;)Ljava/lang/Class;+97
j  org.eclipse.core.internal.registry.osgi.RegistryStrategyOSGI.createExecutableExtension(Lorg/eclipse/core/runtime/spi/RegistryContributor;Ljava/lang/String;Ljava/lang/String;)Ljava/lang/Object;+66
j  org.eclipse.core.internal.registry.ExtensionRegistry.createExecutableExtension(Lorg/eclipse/core/runtime/spi/RegistryContributor;Ljava/lang/String;Ljava/lang/String;)Ljava/lang/Object;+7
j  org.eclipse.core.internal.registry.ConfigurationElement.createExecutableExtension(Ljava/lang/String;)Ljava/lang/Object;+315
j  org.eclipse.core.internal.registry.ConfigurationElementHandle.createExecutableExtension(Ljava/lang/String;)Ljava/lang/Object;+5
j  org.eclipse.core.internal.resources.ProjectVariableProviderManager$Descriptor.<init>(Lorg/eclipse/core/runtime/IExtension;Lorg/eclipse/core/runtime/IConfigurationElement;)V+59
j  org.eclipse.core.internal.resources.ProjectVariableProviderManager.lazyInitialize()V+117
j  org.eclipse.core.internal.resources.ProjectVariableProviderManager.getDescriptors()[Lorg/eclipse/core/internal/resources/ProjectVariableProviderManager$Descriptor;+1
j  org.eclipse.core.internal.resources.ProjectPathVariableManager.<init>(Lorg/eclipse/core/internal/resources/Resource;)V+18
j  org.eclipse.core.internal.resources.Resource.getPathVariableManager()Lorg/eclipse/core/resources/IPathVariableManager;+20
j  org.eclipse.core.internal.localstore.FileStoreRoot.createStore(Lorg/eclipse/core/runtime/IPath;Lorg/eclipse/core/resources/IResource;)Lorg/eclipse/core/filesystem/IFileStore;+12
j  org.eclipse.core.internal.localstore.FileSystemResourceManager.initializeStore(Lorg/eclipse/core/resources/IResource;Ljava/net/URI;)Lorg/eclipse/core/filesystem/IFileStore;+33
j  org.eclipse.core.internal.localstore.FileSystemResourceManager.read(Lorg/eclipse/core/resources/IProject;Z)Lorg/eclipse/core/internal/resources/ProjectDescription;+111
j  org.eclipse.core.internal.resources.SaveManager.restoreMetaInfo(Lorg/eclipse/core/internal/resources/Project;Lorg/eclipse/core/runtime/IProgressMonitor;)V+26
j  org.eclipse.core.internal.resources.SaveManager.restoreMetaInfo(Lorg/eclipse/core/runtime/MultiStatus;Lorg/eclipse/core/runtime/IProgressMonitor;)V+60
j  org.eclipse.core.internal.resources.SaveManager.restore(Lorg/eclipse/core/runtime/IProgressMonitor;)V+161
j  org.eclipse.core.internal.resources.SaveManager.startup(Lorg/eclipse/core/runtime/IProgressMonitor;)V+2
j  org.eclipse.core.internal.resources.Workspace.startup(Lorg/eclipse/core/runtime/IProgressMonitor;)V+194
j  org.eclipse.core.internal.resources.Workspace.open(Lorg/eclipse/core/runtime/IProgressMonitor;)Lorg/eclipse/core/runtime/IStatus;+136
j  org.eclipse.core.resources.ResourcesPlugin$WorkspaceInitCustomizer.addingService(Lorg/osgi/framework/ServiceReference;)Lorg/eclipse/core/internal/resources/Workspace;+45
j  org.eclipse.core.resources.ResourcesPlugin$WorkspaceInitCustomizer.addingService(Lorg/osgi/framework/ServiceReference;)Ljava/lang/Object;+5
j  org.osgi.util.tracker.ServiceTracker$Tracked.customizerAdding(Lorg/osgi/framework/ServiceReference;Lorg/osgi/framework/ServiceEvent;)Ljava/lang/Object;+8
j  org.osgi.util.tracker.ServiceTracker$Tracked.customizerAdding(Ljava/lang/Object;Ljava/lang/Object;)Ljava/lang/Object;+9
j  org.osgi.util.tracker.AbstractTracked.trackAdding(Ljava/lang/Object;Ljava/lang/Object;)V+8
j  org.osgi.util.tracker.AbstractTracked.trackInitial()V+90
j  org.osgi.util.tracker.ServiceTracker.open(Z)V+198
j  org.osgi.util.tracker.ServiceTracker.open()V+2
j  org.eclipse.core.resources.ResourcesPlugin.start(Lorg/osgi/framework/BundleContext;)V+106
j  org.eclipse.osgi.internal.framework.BundleContextImpl$2.run()Ljava/lang/Void;+23
j  org.eclipse.osgi.internal.framework.BundleContextImpl$2.run()Ljava/lang/Object;+1
J 925 c1 java.security.AccessController.executePrivileged(Ljava/security/PrivilegedExceptionAction;Ljava/security/AccessControlContext;Ljava/lang/Class;)Ljava/lang/Object; java.base@17.0.10 (65 bytes) @ 0x00000217195c5c34 [0x00000217195c5ae0+0x0000000000000154]
j  java.security.AccessController.doPrivileged(Ljava/security/PrivilegedExceptionAction;)Ljava/lang/Object;+9 java.base@17.0.10
j  org.eclipse.osgi.internal.framework.BundleContextImpl.startActivator(Lorg/osgi/framework/BundleActivator;)V+9
j  org.eclipse.osgi.internal.framework.BundleContextImpl.start()V+134
j  org.eclipse.osgi.internal.framework.EquinoxBundle.startWorker0()V+35
j  org.eclipse.osgi.internal.framework.EquinoxBundle$EquinoxModule.startWorker()V+4
j  org.eclipse.osgi.container.Module.doStart([Lorg/eclipse/osgi/container/Module$StartOptions;)Lorg/eclipse/osgi/container/ModuleContainerAdaptor$ModuleEvent;+190
j  org.eclipse.osgi.container.Module.start([Lorg/eclipse/osgi/container/Module$StartOptions;)V+460
j  org.eclipse.osgi.framework.util.SecureAction.start(Lorg/eclipse/osgi/container/Module;[Lorg/eclipse/osgi/container/Module$StartOptions;)V+8
J 1836 c1 org.eclipse.osgi.internal.hooks.EclipseLazyStarter.postFindLocalClass(Ljava/lang/String;Ljava/lang/Class;Lorg/eclipse/osgi/internal/loader/classpath/ClasspathManager;)V (394 bytes) @ 0x000002171979165c [0x00000217197906e0+0x0000000000000f7c]
J 1834 c1 org.eclipse.osgi.internal.loader.classpath.ClasspathManager.findLocalClass(Ljava/lang/String;)Ljava/lang/Class; (210 bytes) @ 0x000002171978c6d4 [0x000002171978b720+0x0000000000000fb4]
J 1832 c1 org.eclipse.osgi.internal.loader.BundleLoader.findLocalClass(Ljava/lang/String;)Ljava/lang/Class; (152 bytes) @ 0x000002171978e6ec [0x000002171978dea0+0x000000000000084c]
J 1755 c1 org.eclipse.osgi.internal.loader.BundleLoader.findClass0(Ljava/lang/String;ZZ)Ljava/lang/Class; (470 bytes) @ 0x0000021719762494 [0x000002171975fda0+0x00000000000026f4]
J 1754 c1 org.eclipse.osgi.internal.loader.BundleLoader.findClass(Ljava/lang/String;)Ljava/lang/Class; (8 bytes) @ 0x000002171975d89c [0x000002171975d820+0x000000000000007c]
J 1757 c1 org.eclipse.osgi.internal.loader.ModuleClassLoader.loadClass(Ljava/lang/String;Z)Ljava/lang/Class; (36 bytes) @ 0x000002171975e2bc [0x000002171975e0a0+0x000000000000021c]
J 818 c1 java.lang.ClassLoader.loadClass(Ljava/lang/String;)Ljava/lang/Class; java.base@17.0.10 (7 bytes) @ 0x00000217195890bc [0x0000021719588fc0+0x00000000000000fc]
v  ~StubRoutines::call_stub
j  java.lang.Class.getDeclaredConstructors0(Z)[Ljava/lang/reflect/Constructor;+0 java.base@17.0.10
j  java.lang.Class.privateGetDeclaredConstructors(Z)[Ljava/lang/reflect/Constructor;+52 java.base@17.0.10
j  java.lang.Class.getConstructor0([Ljava/lang/Class;I)Ljava/lang/reflect/Constructor;+14 java.base@17.0.10
j  java.lang.Class.getConstructor([Ljava/lang/Class;)Ljava/lang/reflect/Constructor;+24 java.base@17.0.10
j  org.eclipse.osgi.internal.framework.BundleContextImpl.loadBundleActivator()Lorg/osgi/framework/BundleActivator;+105
j  org.eclipse.osgi.internal.framework.BundleContextImpl.start()V+18
j  org.eclipse.osgi.internal.framework.EquinoxBundle.startWorker0()V+35
j  org.eclipse.osgi.internal.framework.EquinoxBundle$EquinoxModule.startWorker()V+4
j  org.eclipse.osgi.container.Module.doStart([Lorg/eclipse/osgi/container/Module$StartOptions;)Lorg/eclipse/osgi/container/ModuleContainerAdaptor$ModuleEvent;+190
j  org.eclipse.osgi.container.Module.start([Lorg/eclipse/osgi/container/Module$StartOptions;)V+460
j  org.eclipse.osgi.container.ModuleContainer$ContainerStartLevel$2.run()V+71
j  org.eclipse.osgi.internal.framework.EquinoxContainerAdaptor$1$1.execute(Ljava/lang/Runnable;)V+1
j  org.eclipse.osgi.container.ModuleContainer$ContainerStartLevel.incStartLevel(ILjava/util/List;Z)V+193
j  org.eclipse.osgi.container.ModuleContainer$ContainerStartLevel.incStartLevel(ILjava/util/List;Ljava/util/List;Ljava/util/List;Ljava/util/List;)V+19
j  org.eclipse.osgi.container.ModuleContainer$ContainerStartLevel.doContainerStartLevel(Lorg/eclipse/osgi/container/Module;I[Lorg/osgi/framework/FrameworkListener;)V+349
j  org.eclipse.osgi.container.ModuleContainer$ContainerStartLevel.dispatchEvent(Lorg/eclipse/osgi/container/Module;[Lorg/osgi/framework/FrameworkListener;ILjava/lang/Integer;)V+32
j  org.eclipse.osgi.container.ModuleContainer$ContainerStartLevel.dispatchEvent(Ljava/lang/Object;Ljava/lang/Object;ILjava/lang/Object;)V+15
j  org.eclipse.osgi.framework.eventmgr.EventManager.dispatchEvent(Ljava/util/Set;Lorg/eclipse/osgi/framework/eventmgr/EventDispatcher;ILjava/lang/Object;)V+48
j  org.eclipse.osgi.framework.eventmgr.EventManager$EventThread.run()V+26
v  ~StubRoutines::call_stub

Compiled method (n/a)    1118 1143     n 0       java.lang.ClassLoader::defineClass1 (native)
 total in heap  [0x000002172103ce10,0x000002172103d268] = 1112
 relocation     [0x000002172103cf68,0x000002172103cf98] = 48
 main code      [0x000002172103cfa0,0x000002172103d268] = 712

[Constant Pool (empty)]

[MachCode]
[Entry Point]
  # {method} {0x000002172b01de78} 'defineClass1' '(Ljava/lang/ClassLoader;Ljava/lang/String;[BIILjava/security/ProtectionDomain;Ljava/lang/String;)Ljava/lang/Class;' in 'java/lang/ClassLoader'
  # parm0:    rdx:rdx   = 'java/lang/ClassLoader'
  # parm1:    r8:r8     = 'java/lang/String'
  # parm2:    r9:r9     = '[B'
  # parm3:    rdi       = int
  # parm4:    rsi       = int
  # parm5:    rcx:rcx   = 'java/security/ProtectionDomain'
  # parm6:    [sp+0xa0]   = 'java/lang/String'  (sp of caller)
  0x000002172103cfa0: 448b 5208 | 49c1 e203 | 493b c20f | 8407 0000 

  0x000002172103cfb0: ;   {runtime_call ic_miss_stub}
  0x000002172103cfb0: 00e9 ca45 | 89ff 6690 
[Verified Entry Point]
  0x000002172103cfb8: 8984 2400 | 90ff ff55 | 488b ec48 | 81ec 9000 | 0000 4881 | 7d10 0000 | 0000 488d | 4510 480f 
  0x000002172103cfd8: 4445 1048 | 8944 2440 | 4889 4c24 | 7048 83f9 | 0048 8d44 | 2470 480f | 4444 2470 | 4889 4424 
  0x000002172103cff8: 3848 8974 | 2430 4889 | 7c24 284c | 894c 2458 | 4983 f900 | 488d 4424 | 5848 0f44 | 4424 5848 
  0x000002172103d018: 8944 2420 | 4c89 4424 | 5049 83f8 | 004c 8d4c | 2450 4c0f | 444c 2450 | 4889 5424 | 4848 83fa 
  0x000002172103d038: 004c 8d44 | 2448 4c0f | 4444 2448 

  0x000002172103d044: ;   {oop(a 'java/lang/Class'{0x00000000c00006b0} = 'java/lang/ClassLoader')}
  0x000002172103d044: 49be b006 | 00c0 0000 | 0000 4c89 | 7424 784c | 8d74 2478 | 498b d6c5 

  0x000002172103d05c: ;   {internal_word}
  0x000002172103d05c: f877 49ba | 5bd0 0321 | 1702 0000 | 4d89 97a0 | 0200 0049 | 89a7 9802 

  0x000002172103d074: ;   {external_word}
  0x000002172103d074: 0000 49ba | 7935 647c | f97f 0000 | 4180 3a00 | 0f84 5200 | 0000 5241 

  0x000002172103d08c: ;   {metadata({method} {0x000002172b01de78} 'defineClass1' '(Ljava/lang/ClassLoader;Ljava/lang/String;[BIILjava/security/ProtectionDomain;Ljava/lang/String;)Ljava/lang/Class;' in 'java/lang/ClassLoader')}
  0x000002172103d08c: 5041 5148 | ba70 de01 | 2b17 0200 | 0049 8bcf | 4883 ec20 | f7c4 0f00 | 0000 0f84 | 1a00 0000 
  0x000002172103d0ac: 4883 ec08 

  0x000002172103d0b0: ;   {runtime_call}
  0x000002172103d0b0: 49ba 0030 | 1a7c f97f | 0000 41ff | d248 83c4 | 08e9 0d00 

  0x000002172103d0c4: ;   {runtime_call}
  0x000002172103d0c4: 0000 49ba | 0030 1a7c | f97f 0000 | 41ff d248 | 83c4 2041 | 5941 585a | 498d 8fb8 | 0200 0041 
  0x000002172103d0e4: c787 4803 | 0000 0400 

  0x000002172103d0ec: ;   {runtime_call}
  0x000002172103d0ec: 0000 49ba | ac16 5720 | fa7f 0000 | 41ff d2c5 | f877 41c7 | 8748 0300 | 0005 0000 | 00f0 8344 
  0x000002172103d10c: 24c0 0049 | 3baf 5003 | 0000 0f87 | 1100 0000 | 4181 bf38 | 0300 0000 | 0000 000f | 842c 0000 
  0x000002172103d12c: 00c5 f877 | 4889 45f8 | 498b cf4c | 8be4 4883 | ec20 4883 

  0x000002172103d140: ;   {runtime_call}
  0x000002172103d140: e4f0 49ba | 7044 2a7c | f97f 0000 | 41ff d249 | 8be4 4d33 | e448 8b45 | f841 c787 | 4803 0000 
  0x000002172103d160: 0800 0000 | 4181 bfb8 | 0300 0002 | 0000 000f | 84c5 0000 

  0x000002172103d174: ;   {external_word}
  0x000002172103d174: 0049 ba79 | 3564 7cf9 | 7f00 0041 | 803a 000f | 8450 0000 | 0048 8945 

  0x000002172103d18c: ;   {metadata({method} {0x000002172b01de78} 'defineClass1' '(Ljava/lang/ClassLoader;Ljava/lang/String;[BIILjava/security/ProtectionDomain;Ljava/lang/String;)Ljava/lang/Class;' in 'java/lang/ClassLoader')}
  0x000002172103d18c: f848 ba70 | de01 2b17 | 0200 0049 | 8bcf 4883 | ec20 f7c4 | 0f00 0000 | 0f84 1a00 | 0000 4883 
  0x000002172103d1ac: ;   {runtime_call}
  0x000002172103d1ac: ec08 49ba | 0030 1a7c | f97f 0000 | 41ff d248 | 83c4 08e9 | 0d00 0000 

  0x000002172103d1c4: ;   {runtime_call}
  0x000002172103d1c4: 49ba 0030 | 1a7c f97f | 0000 41ff | d248 83c4 | 2048 8b45 | f849 c787 | 9802 0000 | 0000 0000 
  0x000002172103d1e4: 49c7 87a0 | 0200 0000 | 0000 00c5 | f877 4885 | c00f 8419 | 0000 0048 | f7c0 0100 | 0000 0f84 
  0x000002172103d204: 0900 0000 | 488b 40ff | e903 0000 | 0048 8b00 | 498b 8fd8 | 0000 00c7 | 8100 0100 | 0000 0000 
  0x000002172103d224: 00c9 4981 | 7f08 0000 | 0000 0f85 | 0100 0000 

  0x000002172103d234: ;   {runtime_call StubRoutines (1)}
  0x000002172103d234: c3e9 c63c | 84ff c5f8 | 7748 8945 | f84c 8be4 | 4883 ec20 | 4883 e4f0 

  0x000002172103d24c: ;   {runtime_call}
  0x000002172103d24c: 49ba 8060 | 1a7c f97f | 0000 41ff | d249 8be4 | 4d33 e448 | 8b45 f8e9 | 0dff ffff 
[/MachCode]


Compiled method (c1)    1122 1801       3       java.lang.ClassLoader::defineClass (43 bytes)
 total in heap  [0x0000021719779690,0x0000021719779fd0] = 2368
 relocation     [0x00000217197797e8,0x0000021719779880] = 152
 main code      [0x0000021719779880,0x0000021719779d20] = 1184
 stub code      [0x0000021719779d20,0x0000021719779d98] = 120
 metadata       [0x0000021719779d98,0x0000021719779dc8] = 48
 scopes data    [0x0000021719779dc8,0x0000021719779eb8] = 240
 scopes pcs     [0x0000021719779eb8,0x0000021719779f98] = 224
 dependencies   [0x0000021719779f98,0x0000021719779fa8] = 16
 nul chk table  [0x0000021719779fa8,0x0000021719779fd0] = 40

[Constant Pool (empty)]

[MachCode]
[Entry Point]
  # {method} {0x000002172b01dce8} 'defineClass' '(Ljava/lang/String;[BIILjava/security/ProtectionDomain;)Ljava/lang/Class;' in 'java/lang/ClassLoader'
  # this:     rdx:rdx   = 'java/lang/ClassLoader'
  # parm0:    r8:r8     = 'java/lang/String'
  # parm1:    r9:r9     = '[B'
  # parm2:    rdi       = int
  # parm3:    rsi       = int
  # parm4:    rcx:rcx   = 'java/security/ProtectionDomain'
  #           [sp+0xc0]  (sp of caller)
  0x0000021719779880: 448b 5208 | 49c1 e203 

  0x0000021719779888: ;   {runtime_call ic_miss_stub}
  0x0000021719779888: 4c3b d00f | 85ef 7c15 | 0766 6666 | 0f1f 8400 | 0000 0000 | 6666 6690 
[Verified Entry Point]
  0x00000217197798a0: 8984 2400 | 90ff ff55 | 4881 ecb0 | 0000 0048 | 8954 2478 

  0x00000217197798b4: ;   {metadata(method data for {method} {0x000002172b01dce8} 'defineClass' '(Ljava/lang/String;[BIILjava/security/ProtectionDomain;)Ljava/lang/Class;' in 'java/lang/ClassLoader')}
  0x00000217197798b4: 48bb 0089 | b12b 1702 | 0000 8b83 | cc00 0000 | 83c0 0289 | 83cc 0000 | 0081 e0fe | 0700 0083 
  0x00000217197798d4: f800 0f84 | 4e03 0000 | 89b4 2494 | 0000 0089 | bc24 9000 | 0000 4c89 | 8c24 8800 | 0000 488b 
  0x00000217197798f4: ;   {metadata(method data for {method} {0x000002172b01dce8} 'defineClass' '(Ljava/lang/String;[BIILjava/security/ProtectionDomain;)Ljava/lang/Class;' in 'java/lang/ClassLoader')}
  0x00000217197798f4: da48 b800 | 89b1 2b17 | 0200 0048 | 8380 1001 | 0000 0149 | 8bd8 4c8b | c34c 8bc9 | 488b ca48 
  0x0000021719779914: 8bd1 4889 | 9c24 8000 

  0x000002171977991c: ;   {optimized virtual_call}
  0x000002171977991c: 0000 90e8 

  0x0000021719779920: ; ImmutableOopMap {[120]=Oop [136]=Oop [128]=Oop }
                      ;*invokevirtual preDefineClass {reexecute=0 rethrow=0 return_oop=0}
                      ; - java.lang.ClassLoader::defineClass@4
  0x0000021719779920: 7ccd ebff | 4889 8424 | 9800 0000 | 488b 5424 

  0x0000021719779930: ;   {metadata(method data for {method} {0x000002172b01dce8} 'defineClass' '(Ljava/lang/String;[BIILjava/security/ProtectionDomain;)Ljava/lang/Class;' in 'java/lang/ClassLoader')}
  0x0000021719779930: 7849 b800 | 89b1 2b17 | 0200 0049 | 8380 4801 

  0x0000021719779940: ;   {metadata(method data for {method} {0x000002172b01db70} 'defineClassSourceLocation' '(Ljava/security/ProtectionDomain;)Ljava/lang/String;' in 'java/lang/ClassLoader')}
  0x0000021719779940: 0000 0149 | b818 90b1 | 2b17 0200 | 0041 8b90 | cc00 0000 | 83c2 0241 | 8990 cc00 | 0000 81e2 
  0x0000021719779960: feff 1f00 | 83fa 000f | 84de 0200 | 0048 3b00 

  0x0000021719779970: ;   {metadata(method data for {method} {0x000002172b01db70} 'defineClassSourceLocation' '(Ljava/security/ProtectionDomain;)Ljava/lang/String;' in 'java/lang/ClassLoader')}
  0x0000021719779970: 4c8b c048 | ba18 90b1 | 2b17 0200 | 0048 8382 | 1001 0000 | 0144 8b40 | 1049 83f8 

  0x000002171977998c: ;   {metadata(method data for {method} {0x000002172b01db70} 'defineClassSourceLocation' '(Ljava/security/ProtectionDomain;)Ljava/lang/String;' in 'java/lang/ClassLoader')}
  0x000002171977998c: 0048 ba18 | 90b1 2b17 | 0200 0048 | be58 0100 | 0000 0000 | 000f 850a | 0000 0048 | be48 0100 
  0x00000217197799ac: 0000 0000 | 0048 8b3c | 3248 8d7f | 0148 893c | 320f 850f 

  0x00000217197799c0: ;   {oop(NULL)}
  0x00000217197799c0: 0000 0048 | bb00 0000 | 0000 0000 | 00e9 ad01 | 0000 493b | 0049 8bd0 

  0x00000217197799d8: ;   {metadata(method data for {method} {0x000002172b01db70} 'defineClassSourceLocation' '(Ljava/security/ProtectionDomain;)Ljava/lang/String;' in 'java/lang/ClassLoader')}
  0x00000217197799d8: 48be 1890 | b12b 1702 | 0000 4883 | 8668 0100 | 0001 418b | 500c 4883 

  0x00000217197799f0: ;   {metadata(method data for {method} {0x000002172b01db70} 'defineClassSourceLocation' '(Ljava/security/ProtectionDomain;)Ljava/lang/String;' in 'java/lang/ClassLoader')}
  0x00000217197799f0: fa00 48be | 1890 b12b | 1702 0000 | 48bf b001 | 0000 0000 | 0000 0f85 | 0a00 0000 | 48bf a001 
  0x0000021719779a10: 0000 0000 | 0000 488b | 1c3e 488d | 5b01 4889 | 1c3e 0f85 | 0f00 0000 

  0x0000021719779a28: ;   {oop(NULL)}
  0x0000021719779a28: 48bb 0000 | 0000 0000 | 0000 e948 

  0x0000021719779a34: ;   {metadata(method data for {method} {0x000002172b01db70} 'defineClassSourceLocation' '(Ljava/security/ProtectionDomain;)Ljava/lang/String;' in 'java/lang/ClassLoader')}
  0x0000021719779a34: 0100 0048 | be18 90b1 | 2b17 0200 | 0048 8386 | c001 0000 | 0148 3b02 

  0x0000021719779a4c: ;   {metadata(method data for {method} {0x000002172b01db70} 'defineClassSourceLocation' '(Ljava/security/ProtectionDomain;)Ljava/lang/String;' in 'java/lang/ClassLoader')}
  0x0000021719779a4c: 4c8b c248 | be18 90b1 | 2b17 0200 | 0048 8386 | f801 0000 

  0x0000021719779a60: ;   {metadata(method data for {method} {0x000002172b0ba590} 'toString' '()Ljava/lang/String;' in 'java/net/URL')}
  0x0000021719779a60: 0149 b810 | 84b1 2b17 | 0200 0041 | 8bb0 cc00 | 0000 83c6 | 0241 89b0 | cc00 0000 | 81e6 feff 
  0x0000021719779a80: 1f00 83fe | 000f 84f0 | 0100 004c 

  0x0000021719779a8c: ;   {metadata(method data for {method} {0x000002172b0ba590} 'toString' '()Ljava/lang/String;' in 'java/net/URL')}
  0x0000021719779a8c: 8bc2 48be | 1084 b12b | 1702 0000 | 4883 8610 | 0100 0001 

  0x0000021719779aa0: ;   {metadata(method data for {method} {0x000002172b0ba628} 'toExternalForm' '()Ljava/lang/String;' in 'java/net/URL')}
  0x0000021719779aa0: 49b8 a008 | b12b 1702 | 0000 418b | b0cc 0000 | 0083 c602 | 4189 b0cc | 0000 0081 | e6fe ff1f 
  0x0000021719779ac0: 0083 fe00 | 0f84 d201 | 0000 8b72 | 3848 3b06 

  0x0000021719779ad0: ;   {metadata(method data for {method} {0x000002172b0ba628} 'toExternalForm' '()Ljava/lang/String;' in 'java/net/URL')}
  0x0000021719779ad0: 4c8b c648 | bfa0 08b1 | 2b17 0200 | 0045 8b40 | 0849 c1e0 | 034c 3b87 | 2001 0000 | 750d 4883 
  0x0000021719779af0: 8728 0100 | 0001 e966 | 0000 004c | 3b87 3001 | 0000 750d | 4883 8738 | 0100 0001 | e950 0000 
  0x0000021719779b10: 0048 81bf | 2001 0000 | 0000 0000 | 7517 4c89 | 8720 0100 | 0048 c787 | 2801 0000 | 0100 0000 
  0x0000021719779b30: e92c 0000 | 0048 81bf | 3001 0000 | 0000 0000 | 7517 4c89 | 8730 0100 | 0048 c787 | 3801 0000 
  0x0000021719779b50: 0100 0000 | e908 0000 | 0048 8387 | 1001 0000 | 014c 8bc2 | 488b d666 | 0f1f 4400 | 0048 b850 
  0x0000021719779b70: e607 0001 

  0x0000021719779b74: ;   {virtual_call}
  0x0000021719779b74: 0000 00e8 

  0x0000021719779b78: ; ImmutableOopMap {[120]=Oop [136]=Oop [128]=Oop [152]=Oop }
                      ;*invokevirtual toExternalForm {reexecute=0 rethrow=0 return_oop=0}
                      ; - java.net.URL::toExternalForm@5
                      ; - java.net.URL::toString@1
                      ; - java.lang.ClassLoader::defineClassSourceLocation@22
                      ; - java.lang.ClassLoader::defineClass@12
  0x0000021719779b78: 2444 1507 | 488b d848 | 8b84 2498 | 0000 008b | b424 9400 | 0000 8bbc | 2490 0000 | 004c 8b8c 
  0x0000021719779b98: 2488 0000 | 004c 8b84 | 2480 0000 | 0048 8b54 

  0x0000021719779ba8: ;   {metadata(method data for {method} {0x000002172b01dce8} 'defineClass' '(Ljava/lang/String;[BIILjava/security/ProtectionDomain;)Ljava/lang/Class;' in 'java/lang/ClassLoader')}
  0x0000021719779ba8: 2478 48b9 | 0089 b12b | 1702 0000 | 4883 8180 | 0100 0001 | 4c8b da49 | 8bd3 488b | c848 891c 
  0x0000021719779bc8: 2466 0f1f 

  0x0000021719779bcc: ;   {static_call}
  0x0000021719779bcc: 4400 00e8 

  0x0000021719779bd0: ; ImmutableOopMap {[152]=Oop [120]=Oop }
                      ;*invokestatic defineClass1 {reexecute=0 rethrow=0 return_oop=0}
                      ; - java.lang.ClassLoader::defineClass@27
  0x0000021719779bd0: e433 8c07 | 488b 5424 

  0x0000021719779bd8: ;   {metadata(method data for {method} {0x000002172b01dce8} 'defineClass' '(Ljava/lang/String;[BIILjava/security/ProtectionDomain;)Ljava/lang/Class;' in 'java/lang/ClassLoader')}
  0x0000021719779bd8: 7849 b800 | 89b1 2b17 | 0200 0049 | 8380 9001 | 0000 014c | 8bc0 4c8b | 8c24 9800 | 0000 488b 
  0x0000021719779bf8: 5424 7848 | 8984 24a0 | 0000 000f 

  0x0000021719779c04: ;   {optimized virtual_call}
  0x0000021719779c04: 1f40 00e8 

  0x0000021719779c08: ; ImmutableOopMap {[160]=Oop }
                      ;*invokevirtual postDefineClass {reexecute=0 rethrow=0 return_oop=0}
                      ; - java.lang.ClassLoader::defineClass@37
  0x0000021719779c08: 9473 f4ff | 488b 8424 | a000 0000 | 4881 c4b0 | 0000 005d 

  0x0000021719779c1c: ;   {poll_return}
  0x0000021719779c1c: 493b a750 | 0300 000f | 8799 0000 

  0x0000021719779c28: ;   {metadata({method} {0x000002172b01dce8} 'defineClass' '(Ljava/lang/String;[BIILjava/security/ProtectionDomain;)Ljava/lang/Class;' in 'java/lang/ClassLoader')}
  0x0000021719779c28: 00c3 49ba | e0dc 012b | 1702 0000 | 4c89 5424 | 0848 c704 | 24ff ffff 

  0x0000021719779c40: ;   {runtime_call counter_overflow Runtime1 stub}
  0x0000021719779c40: ffe8 3a14 

  0x0000021719779c44: ; ImmutableOopMap {rdx=Oop [120]=Oop r8=Oop r9=Oop rcx=Oop }
                      ;*synchronization entry
                      ; - java.lang.ClassLoader::defineClass@-1
  0x0000021719779c44: 2007 e991 

  0x0000021719779c48: ;   {metadata({method} {0x000002172b01db70} 'defineClassSourceLocation' '(Ljava/security/ProtectionDomain;)Ljava/lang/String;' in 'java/lang/ClassLoader')}
  0x0000021719779c48: fcff ff49 | ba68 db01 | 2b17 0200 | 004c 8954 | 2408 48c7 | 0424 ffff 

  0x0000021719779c60: ;   {runtime_call counter_overflow Runtime1 stub}
  0x0000021719779c60: ffff e819 

  0x0000021719779c64: ; ImmutableOopMap {[120]=Oop [136]=Oop [128]=Oop rax=Oop [152]=Oop }
                      ;*synchronization entry
                      ; - java.lang.ClassLoader::defineClassSourceLocation@-1
                      ; - java.lang.ClassLoader::defineClass@12
  0x0000021719779c64: 1420 07e9 | 01fd ffff 

  0x0000021719779c6c: ;   {runtime_call throw_null_pointer_exception Runtime1 stub}
  0x0000021719779c6c: e8af a51f 

  0x0000021719779c70: ; ImmutableOopMap {[120]=Oop [136]=Oop [128]=Oop rax=Oop [152]=Oop }
                      ;*invokevirtual getCodeSource {reexecute=0 rethrow=0 return_oop=0}
                      ; - java.lang.ClassLoader::defineClassSourceLocation@1
                      ; - java.lang.ClassLoader::defineClass@12
                      ;   {runtime_call throw_null_pointer_exception Runtime1 stub}
  0x0000021719779c70: 07e8 aaa5 

  0x0000021719779c74: ; ImmutableOopMap {[120]=Oop [136]=Oop [128]=Oop rax=Oop [152]=Oop r8=Oop }
                      ;*invokevirtual getLocation {reexecute=0 rethrow=0 return_oop=0}
                      ; - java.lang.ClassLoader::defineClassSourceLocation@12
                      ; - java.lang.ClassLoader::defineClass@12
                      ;   {runtime_call throw_null_pointer_exception Runtime1 stub}
  0x0000021719779c74: 1f07 e8a5 

  0x0000021719779c78: ; ImmutableOopMap {[120]=Oop [136]=Oop [128]=Oop [152]=Oop rdx=Oop }
                      ;*invokevirtual toString {reexecute=0 rethrow=0 return_oop=0}
                      ; - java.lang.ClassLoader::defineClassSourceLocation@22
                      ; - java.lang.ClassLoader::defineClass@12
                      ;   {metadata({method} {0x000002172b0ba590} 'toString' '()Ljava/lang/String;' in 'java/net/URL')}
  0x0000021719779c78: a51f 0749 | ba88 a50b | 2b17 0200 | 004c 8954 | 2408 48c7 | 0424 ffff 

  0x0000021719779c90: ;   {runtime_call counter_overflow Runtime1 stub}
  0x0000021719779c90: ffff e8e9 

  0x0000021719779c94: ; ImmutableOopMap {[120]=Oop [136]=Oop [128]=Oop [152]=Oop rdx=Oop }
                      ;*synchronization entry
                      ; - java.net.URL::toString@-1
                      ; - java.lang.ClassLoader::defineClassSourceLocation@22
                      ; - java.lang.ClassLoader::defineClass@12
  0x0000021719779c94: 1320 07e9 | effd ffff 

  0x0000021719779c9c: ;   {metadata({method} {0x000002172b0ba628} 'toExternalForm' '()Ljava/lang/String;' in 'java/net/URL')}
  0x0000021719779c9c: 49ba 20a6 | 0b2b 1702 | 0000 4c89 | 5424 0848 | c704 24ff 

  0x0000021719779cb0: ;   {runtime_call counter_overflow Runtime1 stub}
  0x0000021719779cb0: ffff ffe8 

  0x0000021719779cb4: ; ImmutableOopMap {[120]=Oop [136]=Oop [128]=Oop [152]=Oop rdx=Oop }
                      ;*synchronization entry
                      ; - java.net.URL::toExternalForm@-1
                      ; - java.net.URL::toString@1
                      ; - java.lang.ClassLoader::defineClassSourceLocation@22
                      ; - java.lang.ClassLoader::defineClass@12
  0x0000021719779cb4: c813 2007 | e90d feff 

  0x0000021719779cbc: ;   {runtime_call throw_null_pointer_exception Runtime1 stub}
  0x0000021719779cbc: ffe8 5ea5 

  0x0000021719779cc0: ; ImmutableOopMap {[120]=Oop [136]=Oop [128]=Oop [152]=Oop rdx=Oop rsi=Oop }
                      ;*invokevirtual toExternalForm {reexecute=0 rethrow=0 return_oop=0}
                      ; - java.net.URL::toExternalForm@5
                      ; - java.net.URL::toString@1
                      ; - java.lang.ClassLoader::defineClassSourceLocation@22
                      ; - java.lang.ClassLoader::defineClass@12
                      ;   {internal_word}
  0x0000021719779cc0: 1f07 49ba | 1c9c 7719 | 1702 0000 | 4d89 9768 

  0x0000021719779cd0: ;   {runtime_call SafepointBlob}
  0x0000021719779cd0: 0300 00e9 | a8ef 1507 | 9090 498b | 87e0 0300 | 0049 c787 | e003 0000 | 0000 0000 | 49c7 87e8 
  0x0000021719779cf0: 0300 0000 | 0000 0048 | 81c4 b000 

  0x0000021719779cfc: ;   {runtime_call unwind_exception Runtime1 stub}
  0x0000021719779cfc: 0000 5de9 | fcc4 1607 | f4f4 f4f4 | f4f4 f4f4 | f4f4 f4f4 | f4f4 f4f4 | f4f4 f4f4 | f4f4 f4f4 
  0x0000021719779d1c: f4f4 f4f4 
[Stub Code]
  0x0000021719779d20: ;   {no_reloc}
  0x0000021719779d20: 0f1f 4400 

  0x0000021719779d24: ;   {static_stub}
  0x0000021719779d24: 0048 bb00 | 0000 0000 

  0x0000021719779d2c: ;   {runtime_call}
  0x0000021719779d2c: 0000 00e9 | fbff ffff 

  0x0000021719779d34: ;   {static_stub}
  0x0000021719779d34: 9048 bb00 | 0000 0000 

  0x0000021719779d3c: ;   {runtime_call}
  0x0000021719779d3c: 0000 00e9 | fbff ffff 

  0x0000021719779d44: ;   {static_stub}
  0x0000021719779d44: 9048 bb00 | 0000 0000 

  0x0000021719779d4c: ;   {runtime_call}
  0x0000021719779d4c: 0000 00e9 | fbff ffff 

  0x0000021719779d54: ;   {static_stub}
  0x0000021719779d54: 9048 bb00 | 0000 0000 

  0x0000021719779d5c: ;   {runtime_call}
  0x0000021719779d5c: 0000 00e9 | fbff ffff 
[Exception Handler]
  0x0000021719779d64: ;   {runtime_call handle_exception_from_callee Runtime1 stub}
  0x0000021719779d64: e897 ca1f 

  0x0000021719779d68: ;   {external_word}
  0x0000021719779d68: 0748 b940 | 9a3e 7cf9 | 7f00 0048 

  0x0000021719779d74: ;   {runtime_call}
  0x0000021719779d74: 83e4 f049 | ba60 2d07 | 7cf9 7f00 | 0041 ffd2 

  0x0000021719779d84: ;   {section_word}
  0x0000021719779d84: f449 ba85 | 9d77 1917 | 0200 0041 

  0x0000021719779d90: ;   {runtime_call DeoptimizationBlob}
  0x0000021719779d90: 52e9 8a03 | 1607 f4f4 
[/MachCode]


Compiled method (c1)    1130 1889   !   3       org.eclipse.osgi.internal.loader.ModuleClassLoader::defineClass (138 bytes)
 total in heap  [0x00000217197b5b90,0x00000217197b7340] = 6064
 relocation     [0x00000217197b5ce8,0x00000217197b5e30] = 328
 main code      [0x00000217197b5e40,0x00000217197b6b00] = 3264
 stub code      [0x00000217197b6b00,0x00000217197b6be8] = 232
 oops           [0x00000217197b6be8,0x00000217197b6bf0] = 8
 metadata       [0x00000217197b6bf0,0x00000217197b6c40] = 80
 scopes data    [0x00000217197b6c40,0x00000217197b6f00] = 704
 scopes pcs     [0x00000217197b6f00,0x00000217197b7120] = 544
 dependencies   [0x00000217197b7120,0x00000217197b7138] = 24
 handler table  [0x00000217197b7138,0x00000217197b72e8] = 432
 nul chk table  [0x00000217197b72e8,0x00000217197b7340] = 88

[Constant Pool (empty)]

[MachCode]
[Entry Point]
  # {method} {0x000002172baae448} 'defineClass' '(Ljava/lang/String;[BLorg/eclipse/osgi/internal/loader/classpath/ClasspathEntry;)Lorg/eclipse/osgi/internal/loader/ModuleClassLoader$DefineClassResult;' in 'org/eclipse/osgi/internal/loader/ModuleClassLoader'
  # this:     rdx:rdx   = 'org/eclipse/osgi/internal/loader/ModuleClassLoader'
  # parm0:    r8:r8     = 'java/lang/String'
  # parm1:    r9:r9     = '[B'
  # parm2:    rdi:rdi   = 'org/eclipse/osgi/internal/loader/classpath/ClasspathEntry'
  #           [sp+0xd0]  (sp of caller)
  0x00000217197b5e40: 448b 5208 | 49c1 e203 

  0x00000217197b5e48: ;   {runtime_call ic_miss_stub}
  0x00000217197b5e48: 4c3b d00f | 852f b711 | 0766 6666 | 0f1f 8400 | 0000 0000 | 6666 6690 
[Verified Entry Point]
  0x00000217197b5e60: 8984 2400 | 90ff ff55 | 4881 ecc0 | 0000 0048 | 8954 2458 | 4c89 4c24 | 6848 897c 

  0x00000217197b5e7c: ;   {metadata(method data for {method} {0x000002172baae448} 'defineClass' '(Ljava/lang/String;[BLorg/eclipse/osgi/internal/loader/classpath/ClasspathEntry;)Lorg/eclipse/osgi/internal/loader/ModuleClassLoader$DefineClassResult;' in 'org/eclipse/osgi/internal/loader/ModuleClassLoader')}
  0x00000217197b5e7c: 2470 48be | 20ce ee2b | 1702 0000 | 8b9e cc00 | 0000 83c3 | 0289 9ecc | 0000 0081 | e3fe 0700 
  0x00000217197b5e9c: 0083 fb00 | 0f84 ec09 | 0000 488b 

  0x00000217197b5ea8: ;   {metadata(method data for {method} {0x000002172baae448} 'defineClass' '(Ljava/lang/String;[BLorg/eclipse/osgi/internal/loader/classpath/ClasspathEntry;)Lorg/eclipse/osgi/internal/loader/ModuleClassLoader$DefineClassResult;' in 'org/eclipse/osgi/internal/loader/ModuleClassLoader')}
  0x00000217197b5ea8: f248 bb20 | ceee 2b17 | 0200 0048 | 8383 1001 | 0000 010f | be72 0d83 | e601 83fe 

  0x00000217197b5ec4: ;   {metadata(method data for {method} {0x000002172baae448} 'defineClass' '(Ljava/lang/String;[BLorg/eclipse/osgi/internal/loader/classpath/ClasspathEntry;)Lorg/eclipse/osgi/internal/loader/ModuleClassLoader$DefineClassResult;' in 'org/eclipse/osgi/internal/loader/ModuleClassLoader')}
  0x00000217197b5ec4: 0048 be20 | ceee 2b17 | 0200 0048 | bb48 0100 | 0000 0000 | 000f 840a | 0000 0048 | bb58 0100 
  0x00000217197b5ee4: 0000 0000 | 0048 8b04 | 1e48 8d40 | 0148 8904 | 1e0f 84b5 | 0300 0048 

  0x00000217197b5efc: ;   {metadata(method data for {method} {0x000002172baae448} 'defineClass' '(Ljava/lang/String;[BLorg/eclipse/osgi/internal/loader/classpath/ClasspathEntry;)Lorg/eclipse/osgi/internal/loader/ModuleClassLoader$DefineClassResult;' in 'org/eclipse/osgi/internal/loader/ModuleClassLoader')}
  0x00000217197b5efc: 8bf2 48bb | 20ce ee2b | 1702 0000 | 4883 8368 | 0100 0001 | 498b f04c | 8bc6 488b | da48 8bd3 
  0x00000217197b5f1c: 4889 7424 | 6066 0f1f 

  0x00000217197b5f24: ;   {optimized virtual_call}
  0x00000217197b5f24: 4400 00e8 

  0x00000217197b5f28: ; ImmutableOopMap {[88]=Oop [96]=Oop [112]=Oop [104]=Oop }
                      ;*invokespecial lockClassName {reexecute=0 rethrow=0 return_oop=0}
                      ; - org.eclipse.osgi.internal.loader.ModuleClassLoader::defineClass@15 (line 289)
  0x00000217197b5f28: 5417 0000 | 8944 2478 | 488b 5424 

  0x00000217197b5f34: ;   {metadata(method data for {method} {0x000002172baae448} 'defineClass' '(Ljava/lang/String;[BLorg/eclipse/osgi/internal/loader/classpath/ClasspathEntry;)Lorg/eclipse/osgi/internal/loader/ModuleClassLoader$DefineClassResult;' in 'org/eclipse/osgi/internal/loader/ModuleClassLoader')}
  0x00000217197b5f34: 5848 be20 | ceee 2b17 | 0200 0048 | 8386 7801 

  0x00000217197b5f44: ;   {metadata(method data for {method} {0x000002172b01e5d8} 'findLoadedClass' '(Ljava/lang/String;)Ljava/lang/Class;' in 'java/lang/ClassLoader')}
  0x00000217197b5f44: 0000 0148 | ba98 167e | 2b17 0200 | 008b b2cc | 0000 0083 | c602 89b2 | cc00 0000 | 81e6 feff 
  0x00000217197b5f64: 1f00 83fe | 000f 8444 

  0x00000217197b5f6c: ;   {metadata(method data for {method} {0x000002172b01e5d8} 'findLoadedClass' '(Ljava/lang/String;)Ljava/lang/Class;' in 'java/lang/ClassLoader')}
  0x00000217197b5f6c: 0900 0048 | ba98 167e | 2b17 0200 | 0048 8382 | 1001 0000 | 0148 8b54 

  0x00000217197b5f84: ;   {static_call}
  0x00000217197b5f84: 2460 90e8 

  0x00000217197b5f88: ; ImmutableOopMap {[88]=Oop [96]=Oop [112]=Oop [104]=Oop }
                      ;*invokestatic checkName {reexecute=0 rethrow=0 return_oop=0}
                      ; - java.lang.ClassLoader::findLoadedClass@1
                      ; - org.eclipse.osgi.internal.loader.ModuleClassLoader::defineClass@22 (line 291)
  0x00000217197b5f88: 9480 8e07 

  0x00000217197b5f8c: ;   {metadata(method data for {method} {0x000002172b01e5d8} 'findLoadedClass' '(Ljava/lang/String;)Ljava/lang/Class;' in 'java/lang/ClassLoader')}
  0x00000217197b5f8c: 83f8 0049 | b898 167e | 2b17 0200 | 0048 ba20 | 0100 0000 | 0000 000f | 850a 0000 | 0048 ba30 
  0x00000217197b5fac: 0100 0000 | 0000 0049 | 8b34 1048 | 8d76 0149 | 8934 100f | 850f 0000 

  0x00000217197b5fc4: ;   {oop(NULL)}
  0x00000217197b5fc4: 0048 be00 | 0000 0000 | 0000 00e9 | 2b00 0000 | 488b 5424 

  0x00000217197b5fd8: ;   {metadata(method data for {method} {0x000002172b01e5d8} 'findLoadedClass' '(Ljava/lang/String;)Ljava/lang/Class;' in 'java/lang/ClassLoader')}
  0x00000217197b5fd8: 5849 b898 | 167e 2b17 | 0200 0049 | 8380 4001 | 0000 014c | 8b44 2460 | 488b 5424 

  0x00000217197b5ff4: ;   {optimized virtual_call}
  0x00000217197b5ff4: 5866 90e8 

  0x00000217197b5ff8: ; ImmutableOopMap {[88]=Oop [96]=Oop [112]=Oop [104]=Oop }
                      ;*invokevirtual findLoadedClass0 {reexecute=0 rethrow=0 return_oop=0}
                      ; - java.lang.ClassLoader::findLoadedClass@11
                      ; - org.eclipse.osgi.internal.loader.ModuleClassLoader::defineClass@22 (line 291)
  0x00000217197b5ff8: 3c40 8507 | 488b f048 

  0x00000217197b6000: ;   {metadata(method data for {method} {0x000002172baae448} 'defineClass' '(Ljava/lang/String;[BLorg/eclipse/osgi/internal/loader/classpath/ClasspathEntry;)Lorg/eclipse/osgi/internal/loader/ModuleClassLoader$DefineClassResult;' in 'org/eclipse/osgi/internal/loader/ModuleClassLoader')}
  0x00000217197b6000: 83fe 0049 | b820 ceee | 2b17 0200 | 0049 b9c0 | 0100 0000 | 0000 000f | 840a 0000 | 0049 b9b0 
  0x00000217197b6020: 0100 0000 | 0000 004b | 8b3c 0848 | 8d7f 014b | 893c 080f | 840a 0000 | 00bf 0000 | 0000 e982 
  0x00000217197b6040: 0000 0048 | 8b7c 2470 | 4c8b 4c24 | 6841 8b71 | 0c48 3b07 

  0x00000217197b6054: ;   {metadata(method data for {method} {0x000002172baae448} 'defineClass' '(Ljava/lang/String;[BLorg/eclipse/osgi/internal/loader/classpath/ClasspathEntry;)Lorg/eclipse/osgi/internal/loader/ModuleClassLoader$DefineClassResult;' in 'org/eclipse/osgi/internal/loader/ModuleClassLoader')}
  0x00000217197b6054: 4c8b c748 | b920 ceee | 2b17 0200 

  0x00000217197b6060: ;   {metadata('org/eclipse/osgi/internal/loader/classpath/ClasspathEntry')}
  0x00000217197b6060: 0049 ba30 | e812 0001 | 0000 004c | 8991 e001 | 0000 4883 | 81e8 0100 | 0001 8b4f | 1048 8b54 
  0x00000217197b6080: ;   {metadata(method data for {method} {0x000002172baae448} 'defineClass' '(Ljava/lang/String;[BLorg/eclipse/osgi/internal/loader/classpath/ClasspathEntry;)Lorg/eclipse/osgi/internal/loader/ModuleClassLoader$DefineClassResult;' in 'org/eclipse/osgi/internal/loader/ModuleClassLoader')}
  0x00000217197b6080: 2458 49b8 | 20ce ee2b | 1702 0000 | 4983 8008 | 0200 0001 | 4c8b 4424 | 60bf 0000 | 0000 488b 
  0x00000217197b60a0: 5424 580f 

  0x00000217197b60a4: ;   {optimized virtual_call}
  0x00000217197b60a4: 1f40 00e8 

  0x00000217197b60a8: ; ImmutableOopMap {[88]=Oop [96]=Oop }
                      ;*invokevirtual defineClass {reexecute=0 rethrow=0 return_oop=0}
                      ; - org.eclipse.osgi.internal.loader.ModuleClassLoader::defineClass@42 (line 293)
  0x00000217197b60a8: f437 fcff 

  0x00000217197b60ac: ;   {metadata(method data for {method} {0x000002172baae448} 'defineClass' '(Ljava/lang/String;[BLorg/eclipse/osgi/internal/loader/classpath/ClasspathEntry;)Lorg/eclipse/osgi/internal/loader/ModuleClassLoader$DefineClassResult;' in 'org/eclipse/osgi/internal/loader/ModuleClassLoader')}
  0x00000217197b60ac: 49b8 20ce | ee2b 1702 | 0000 41ff | 8040 0200 | 0048 8bf0 | bf01 0000 | 008b 5c24 | 7883 fb00 
  0x00000217197b60cc: ;   {metadata(method data for {method} {0x000002172baae448} 'defineClass' '(Ljava/lang/String;[BLorg/eclipse/osgi/internal/loader/classpath/ClasspathEntry;)Lorg/eclipse/osgi/internal/loader/ModuleClassLoader$DefineClassResult;' in 'org/eclipse/osgi/internal/loader/ModuleClassLoader')}
  0x00000217197b60cc: 48b8 20ce | ee2b 1702 | 0000 49b8 | 8802 0000 | 0000 0000 | 0f84 0a00 | 0000 49b8 | 9802 0000 
  0x00000217197b60ec: 0000 0000 | 4a8b 1400 | 488d 5201 | 4a89 1400 | 0f84 a705 | 0000 488b | 5424 5848 

  0x00000217197b6108: ;   {metadata(method data for {method} {0x000002172baae448} 'defineClass' '(Ljava/lang/String;[BLorg/eclipse/osgi/internal/loader/classpath/ClasspathEntry;)Lorg/eclipse/osgi/internal/loader/ModuleClassLoader$DefineClassResult;' in 'org/eclipse/osgi/internal/loader/ModuleClassLoader')}
  0x00000217197b6108: 8bc2 49b8 | 20ce ee2b | 1702 0000 | 4983 80a8 | 0200 0001 

  0x00000217197b611c: ;   {metadata(method data for {method} {0x000002172baaf1a0} 'unlockClassName' '(Ljava/lang/String;)V' in 'org/eclipse/osgi/internal/loader/ModuleClassLoader')}
  0x00000217197b611c: 48b8 60da | ee2b 1702 | 0000 448b | 80cc 0000 | 0041 83c0 | 0244 8980 | cc00 0000 | 4181 e0fe 
  0x00000217197b613c: ff1f 0041 | 83f8 000f | 8495 0700 | 008b 5a50 | 4c8d 8424 | a000 0000 | 4989 5808 

  0x00000217197b6158: ; implicit exception: dispatches to 0x00000217197b68ff
  0x00000217197b6158: 488b 0348 | 83c8 0149 | 8900 f04c | 0fb1 030f | 8413 0000 | 0048 2bc4 | 4881 e007 | f0ff ff49 
  0x00000217197b6178: 8900 0f85 | 8407 0000 | 4889 9c24 | 8800 0000 | 4889 b424 | 8000 0000 | 897c 247c | 8b42 5048 
  0x00000217197b6198: 3b00 4c8b 

  0x00000217197b619c: ;   {metadata(method data for {method} {0x000002172baaf1a0} 'unlockClassName' '(Ljava/lang/String;)V' in 'org/eclipse/osgi/internal/loader/ModuleClassLoader')}
  0x00000217197b619c: c048 b960 | daee 2b17 | 0200 0045 | 8b40 0849 | c1e0 034c | 3b81 2001 | 0000 750d | 4883 8128 
  0x00000217197b61bc: 0100 0001 | e966 0000 | 004c 3b81 | 3001 0000 | 750d 4883 | 8138 0100 | 0001 e950 | 0000 0048 
  0x00000217197b61dc: 81b9 2001 | 0000 0000 | 0000 7517 | 4c89 8120 | 0100 0048 | c781 2801 | 0000 0100 | 0000 e92c 
  0x00000217197b61fc: 0000 0048 | 81b9 3001 | 0000 0000 | 0000 7517 | 4c89 8130 | 0100 0048 | c781 3801 | 0000 0100 
  0x00000217197b621c: 0000 e908 | 0000 0048 | 8381 1001 | 0000 014c | 8b44 2460 | 488b d066 | 9048 b848 | f305 0001 
  0x00000217197b623c: ;   {virtual_call}
  0x00000217197b623c: 0000 00e8 

  0x00000217197b6240: ; ImmutableOopMap {[128]=Oop [136]=Oop [88]=Oop [168]=Oop }
                      ;*invokeinterface remove {reexecute=0 rethrow=0 return_oop=0}
                      ; - org.eclipse.osgi.internal.loader.ModuleClassLoader::unlockClassName@12 (line 463)
                      ; - org.eclipse.osgi.internal.loader.ModuleClassLoader::defineClass@75 (line 298)
  0x00000217197b6240: 1c6a e3ff | 488b 5424 | 588b 5250 

  0x00000217197b624c: ; implicit exception: dispatches to 0x00000217197b691c
  0x00000217197b624c: 483b 0248 

  0x00000217197b6250: ;   {metadata(method data for {method} {0x000002172baaf1a0} 'unlockClassName' '(Ljava/lang/String;)V' in 'org/eclipse/osgi/internal/loader/ModuleClassLoader')}
  0x00000217197b6250: 8bf2 48bf | 60da ee2b | 1702 0000 | 4883 8748 | 0100 0001 

  0x00000217197b6264: ;   {optimized virtual_call}
  0x00000217197b6264: 6666 90e8 

  0x00000217197b6268: ; ImmutableOopMap {[128]=Oop [136]=Oop [168]=Oop }
                      ;*invokevirtual notifyAll {reexecute=0 rethrow=0 return_oop=0}
                      ; - org.eclipse.osgi.internal.loader.ModuleClassLoader::unlockClassName@22 (line 464)
                      ; - org.eclipse.osgi.internal.loader.ModuleClassLoader::defineClass@75 (line 298)
  0x00000217197b6268: cce0 8c07 | 488d 8424 | a000 0000 | 488b 1048 | 85d2 0f84 | 0f00 0000 | 488b 7008 | f048 0fb1 
  0x00000217197b6288: 160f 8592 

  0x00000217197b628c: ;   {metadata(method data for {method} {0x000002172baaf1a0} 'unlockClassName' '(Ljava/lang/String;)V' in 'org/eclipse/osgi/internal/loader/ModuleClassLoader')}
  0x00000217197b628c: 0600 0048 | b860 daee | 2b17 0200 | 00ff 8080 | 0100 0048 | 8bb4 2480 | 0000 008b | 7c24 7ce9 
  0x00000217197b62ac: e903 0000 | 4c89 4424 | 6048 8db4 | 24a0 0000 | 0048 8956 | 0848 8b02 | 4883 c801 | 4889 06f0 
  0x00000217197b62cc: 480f b132 | 0f84 1300 | 0000 482b | c448 81e0 | 07f0 ffff | 4889 060f | 854e 0600 | 0048 8bf2 
  0x00000217197b62ec: ;   {metadata(method data for {method} {0x000002172baae448} 'defineClass' '(Ljava/lang/String;[BLorg/eclipse/osgi/internal/loader/classpath/ClasspathEntry;)Lorg/eclipse/osgi/internal/loader/ModuleClassLoader$DefineClassResult;' in 'org/eclipse/osgi/internal/loader/ModuleClassLoader')}
  0x00000217197b62ec: 48bb 20ce | ee2b 1702 | 0000 4883 | 83d0 0200 

  0x00000217197b62fc: ;   {metadata(method data for {method} {0x000002172b01e5d8} 'findLoadedClass' '(Ljava/lang/String;)Ljava/lang/Class;' in 'java/lang/ClassLoader')}
  0x00000217197b62fc: 0001 48be | 9816 7e2b | 1702 0000 | 8b9e cc00 | 0000 83c3 | 0289 9ecc | 0000 0081 | e3fe ff1f 
  0x00000217197b631c: 0083 fb00 | 0f84 2406 

  0x00000217197b6324: ;   {metadata(method data for {method} {0x000002172b01e5d8} 'findLoadedClass' '(Ljava/lang/String;)Ljava/lang/Class;' in 'java/lang/ClassLoader')}
  0x00000217197b6324: 0000 48be | 9816 7e2b | 1702 0000 | 4883 8610 | 0100 0001 | 488b 5424 

  0x00000217197b633c: ;   {static_call}
  0x00000217197b633c: 6066 90e8 

  0x00000217197b6340: ; ImmutableOopMap {[96]=Oop [104]=Oop [112]=Oop [88]=Oop [168]=Oop }
                      ;*invokestatic checkName {reexecute=0 rethrow=0 return_oop=0}
                      ; - java.lang.ClassLoader::findLoadedClass@1
                      ; - org.eclipse.osgi.internal.loader.ModuleClassLoader::defineClass@88 (line 304)
  0x00000217197b6340: bcc2 1107 

  0x00000217197b6344: ;   {metadata(method data for {method} {0x000002172b01e5d8} 'findLoadedClass' '(Ljava/lang/String;)Ljava/lang/Class;' in 'java/lang/ClassLoader')}
  0x00000217197b6344: 83f8 0049 | b898 167e | 2b17 0200 | 0048 ba20 | 0100 0000 | 0000 000f | 850a 0000 | 0048 ba30 
  0x00000217197b6364: 0100 0000 | 0000 0049 | 8b34 1048 | 8d76 0149 | 8934 100f | 850f 0000 

  0x00000217197b637c: ;   {oop(NULL)}
  0x00000217197b637c: 0048 be00 | 0000 0000 | 0000 00e9 | 2b00 0000 | 488b 5424 

  0x00000217197b6390: ;   {metadata(method data for {method} {0x000002172b01e5d8} 'findLoadedClass' '(Ljava/lang/String;)Ljava/lang/Class;' in 'java/lang/ClassLoader')}
  0x00000217197b6390: 5849 b898 | 167e 2b17 | 0200 0049 | 8380 4001 | 0000 014c | 8b44 2460 | 488b 5424 

  0x00000217197b63ac: ;   {optimized virtual_call}
  0x00000217197b63ac: 5866 90e8 

  0x00000217197b63b0: ; ImmutableOopMap {[96]=Oop [104]=Oop [112]=Oop [88]=Oop [168]=Oop }
                      ;*invokevirtual findLoadedClass0 {reexecute=0 rethrow=0 return_oop=0}
                      ; - java.lang.ClassLoader::findLoadedClass@11
                      ; - org.eclipse.osgi.internal.loader.ModuleClassLoader::defineClass@88 (line 304)
  0x00000217197b63b0: 4cb7 1107 | 488b f048 

  0x00000217197b63b8: ;   {metadata(method data for {method} {0x000002172baae448} 'defineClass' '(Ljava/lang/String;[BLorg/eclipse/osgi/internal/loader/classpath/ClasspathEntry;)Lorg/eclipse/osgi/internal/loader/ModuleClassLoader$DefineClassResult;' in 'org/eclipse/osgi/internal/loader/ModuleClassLoader')}
  0x00000217197b63b8: 83fe 0049 | b820 ceee | 2b17 0200 | 0049 b918 | 0300 0000 | 0000 000f | 840a 0000 | 0049 b908 
  0x00000217197b63d8: 0300 0000 | 0000 004b | 8b3c 0848 | 8d7f 014b | 893c 080f | 840a 0000 | 00bf 0000 | 0000 e971 
  0x00000217197b63f8: 0000 0048 | 8b7c 2470 | 4c8b 4c24 | 6841 8b71 | 0c48 3b07 

  0x00000217197b640c: ;   {metadata(method data for {method} {0x000002172baae448} 'defineClass' '(Ljava/lang/String;[BLorg/eclipse/osgi/internal/loader/classpath/ClasspathEntry;)Lorg/eclipse/osgi/internal/loader/ModuleClassLoader$DefineClassResult;' in 'org/eclipse/osgi/internal/loader/ModuleClassLoader')}
  0x00000217197b640c: 4c8b c748 | b920 ceee | 2b17 0200 

  0x00000217197b6418: ;   {metadata('org/eclipse/osgi/internal/loader/classpath/ClasspathEntry')}
  0x00000217197b6418: 0049 ba30 | e812 0001 | 0000 004c | 8991 3803 | 0000 4883 | 8140 0300 | 0001 8b4f | 1048 8b54 
  0x00000217197b6438: ;   {metadata(method data for {method} {0x000002172baae448} 'defineClass' '(Ljava/lang/String;[BLorg/eclipse/osgi/internal/loader/classpath/ClasspathEntry;)Lorg/eclipse/osgi/internal/loader/ModuleClassLoader$DefineClassResult;' in 'org/eclipse/osgi/internal/loader/ModuleClassLoader')}
  0x00000217197b6438: 2458 49b8 | 20ce ee2b | 1702 0000 | 4983 8060 | 0300 0001 | 4c8b 4424 | 60bf 0000 | 0000 488b 
  0x00000217197b6458: 5424 580f 

  0x00000217197b645c: ;   {optimized virtual_call}
  0x00000217197b645c: 1f40 00e8 

  0x00000217197b6460: ; ImmutableOopMap {[88]=Oop [168]=Oop }
                      ;*invokevirtual defineClass {reexecute=0 rethrow=0 return_oop=0}
                      ; - org.eclipse.osgi.internal.loader.ModuleClassLoader::defineClass@108 (line 306)
  0x00000217197b6460: 9cb6 1107 | 488b f0bf | 0100 0000 | 488d 8424 | a000 0000 | 4c8b 004d | 85c0 0f84 | 0f00 0000 
  0x00000217197b6480: 488b 5008 | f04c 0fb1 | 020f 85e6 | 0400 00e9 | f001 0000 | 498b 87e0 | 0300 004d | 33d2 4d89 
  0x00000217197b64a0: 97e0 0300 | 004d 33d2 | 4d89 97e8 | 0300 0083 

  0x00000217197b64b0: ;   {metadata(method data for {method} {0x000002172baae448} 'defineClass' '(Ljava/lang/String;[BLorg/eclipse/osgi/internal/loader/classpath/ClasspathEntry;)Lorg/eclipse/osgi/internal/loader/ModuleClassLoader$DefineClassResult;' in 'org/eclipse/osgi/internal/loader/ModuleClassLoader')}
  0x00000217197b64b0: fb00 49b8 | 20ce ee2b | 1702 0000 | 48ba 5802 | 0000 0000 | 0000 0f84 | 0a00 0000 | 48ba 6802 
  0x00000217197b64d0: 0000 0000 | 0000 498b | 3410 488d | 7601 4989 | 3410 0f84 | ca02 0000 | 4889 8424 | 9000 0000 
  0x00000217197b64f0: 488b 5424 | 584c 8bc2 

  0x00000217197b64f8: ;   {metadata(method data for {method} {0x000002172baae448} 'defineClass' '(Ljava/lang/String;[BLorg/eclipse/osgi/internal/loader/classpath/ClasspathEntry;)Lorg/eclipse/osgi/internal/loader/ModuleClassLoader$DefineClassResult;' in 'org/eclipse/osgi/internal/loader/ModuleClassLoader')}
  0x00000217197b64f8: 48be 20ce | ee2b 1702 | 0000 4883 | 8678 0200 

  0x00000217197b6508: ;   {metadata(method data for {method} {0x000002172baaf1a0} 'unlockClassName' '(Ljava/lang/String;)V' in 'org/eclipse/osgi/internal/loader/ModuleClassLoader')}
  0x00000217197b6508: 0001 49b8 | 60da ee2b | 1702 0000 | 418b b0cc | 0000 0083 | c602 4189 | b0cc 0000 | 0081 e6fe 
  0x00000217197b6528: ff1f 0083 | fe00 0f84 | 5704 0000 | 8b72 504c | 8d84 24a0 | 0000 0049 | 8970 0848 | 8b06 4883 
  0x00000217197b6548: c801 4989 | 00f0 4c0f | b106 0f84 | 1300 0000 | 482b c448 | 81e0 07f0 | ffff 4989 | 000f 8546 
  0x00000217197b6568: 0400 0048 | 89b4 2498 | 0000 004c | 8b44 2460 | 8b7a 5048 | 3b07 488b 

  0x00000217197b6580: ;   {metadata(method data for {method} {0x000002172baaf1a0} 'unlockClassName' '(Ljava/lang/String;)V' in 'org/eclipse/osgi/internal/loader/ModuleClassLoader')}
  0x00000217197b6580: df48 b960 | daee 2b17 | 0200 008b | 5b08 48c1 | e303 483b | 9920 0100 | 0075 0d48 | 8381 2801 
  0x00000217197b65a0: 0000 01e9 | 6600 0000 | 483b 9930 | 0100 0075 | 0d48 8381 | 3801 0000 | 01e9 5000 | 0000 4881 
  0x00000217197b65c0: b920 0100 | 0000 0000 | 0075 1748 | 8999 2001 | 0000 48c7 | 8128 0100 | 0001 0000 | 00e9 2c00 
  0x00000217197b65e0: 0000 4881 | b930 0100 | 0000 0000 | 0075 1748 | 8999 3001 | 0000 48c7 | 8138 0100 | 0001 0000 
  0x00000217197b6600: 00e9 0800 | 0000 4883 | 8110 0100 | 0001 488b | d70f 1f40 | 0048 b8ff | ffff ffff 

  0x00000217197b661c: ;   {virtual_call}
  0x00000217197b661c: ffff ffe8 

  0x00000217197b6620: ; ImmutableOopMap {[152]=Oop [144]=Oop [88]=Oop [168]=Oop }
                      ;*invokeinterface remove {reexecute=0 rethrow=0 return_oop=0}
                      ; - org.eclipse.osgi.internal.loader.ModuleClassLoader::unlockClassName@12 (line 463)
                      ; - org.eclipse.osgi.internal.loader.ModuleClassLoader::defineClass@62 (line 298)
  0x00000217197b6620: 5cba 1107 | 488b 5424 | 588b 5250 

  0x00000217197b662c: ; implicit exception: dispatches to 0x00000217197b69c9
  0x00000217197b662c: 483b 0248 

  0x00000217197b6630: ;   {metadata(method data for {method} {0x000002172baaf1a0} 'unlockClassName' '(Ljava/lang/String;)V' in 'org/eclipse/osgi/internal/loader/ModuleClassLoader')}
  0x00000217197b6630: 8bf2 48bf | 60da ee2b | 1702 0000 | 4883 8748 | 0100 0001 

  0x00000217197b6644: ;   {optimized virtual_call}
  0x00000217197b6644: 6666 90e8 

  0x00000217197b6648: ; ImmutableOopMap {[152]=Oop [144]=Oop [168]=Oop }
                      ;*invokevirtual notifyAll {reexecute=0 rethrow=0 return_oop=0}
                      ; - org.eclipse.osgi.internal.loader.ModuleClassLoader::unlockClassName@22 (line 464)
                      ; - org.eclipse.osgi.internal.loader.ModuleClassLoader::defineClass@62 (line 298)
  0x00000217197b6648: b4b4 1107 | 488d 8424 | a000 0000 | 488b 1048 | 85d2 0f84 | 0f00 0000 | 488b 7008 | f048 0fb1 
  0x00000217197b6668: 160f 855f 

  0x00000217197b666c: ;   {metadata(method data for {method} {0x000002172baaf1a0} 'unlockClassName' '(Ljava/lang/String;)V' in 'org/eclipse/osgi/internal/loader/ModuleClassLoader')}
  0x00000217197b666c: 0300 0048 | ba60 daee | 2b17 0200 | 00ff 8280 | 0100 00e9 | 2601 0000 

  0x00000217197b6684: ;   {metadata(method data for {method} {0x000002172baae448} 'defineClass' '(Ljava/lang/String;[BLorg/eclipse/osgi/internal/loader/classpath/ClasspathEntry;)Lorg/eclipse/osgi/internal/loader/ModuleClassLoader$DefineClassResult;' in 'org/eclipse/osgi/internal/loader/ModuleClassLoader')}
  0x00000217197b6684: 48ba 20ce | ee2b 1702 | 0000 ff82 | 9803 0000 | e910 0000 

  0x00000217197b6698: ;   {metadata(method data for {method} {0x000002172baae448} 'defineClass' '(Ljava/lang/String;[BLorg/eclipse/osgi/internal/loader/classpath/ClasspathEntry;)Lorg/eclipse/osgi/internal/loader/ModuleClassLoader$DefineClassResult;' in 'org/eclipse/osgi/internal/loader/ModuleClassLoader')}
  0x00000217197b6698: 0048 ba20 | ceee 2b17 | 0200 00ff | 82b8 0200 | 0048 8bde 

  0x00000217197b66ac: ;   {metadata('org/eclipse/osgi/internal/loader/ModuleClassLoader$DefineClassResult')}
  0x00000217197b66ac: 4c8b c748 | bae0 1818 | 0001 0000 | 0049 8b87 | 0801 0000 | 488d 7818 | 493b bf18 | 0100 000f 
  0x00000217197b66cc: 8713 0300 | 0049 89bf | 0801 0000 | 48c7 0001 | 0000 0048 | 8bca 48c1 | e903 8948 | 0848 33c9 
  0x00000217197b66ec: 8948 0c48 | 33c9 4889 | 4810 488b 

  0x00000217197b66f8: ;   {metadata(method data for {method} {0x000002172baae448} 'defineClass' '(Ljava/lang/String;[BLorg/eclipse/osgi/internal/loader/classpath/ClasspathEntry;)Lorg/eclipse/osgi/internal/loader/ModuleClassLoader$DefineClassResult;' in 'org/eclipse/osgi/internal/loader/ModuleClassLoader')}
  0x00000217197b66f8: f048 bf20 | ceee 2b17 | 0200 0048 | 8387 b003 

  0x00000217197b6708: ;   {metadata(method data for {method} {0x000002172bcbba28} '<init>' '(Ljava/lang/Class;Z)V' in 'org/eclipse/osgi/internal/loader/ModuleClassLoader$DefineClassResult')}
  0x00000217197b6708: 0000 0148 | bee8 efee | 2b17 0200 | 008b becc | 0000 0083 | c702 89be | cc00 0000 | 81e7 feff 
  0x00000217197b6728: 1f00 83ff | 000f 84be | 0200 0048 

  0x00000217197b6734: ;   {metadata(method data for {method} {0x000002172bcbba28} '<init>' '(Ljava/lang/Class;Z)V' in 'org/eclipse/osgi/internal/loader/ModuleClassLoader$DefineClassResult')}
  0x00000217197b6734: 8bf0 48bf | e8ef ee2b | 1702 0000 | 4883 8710 | 0100 0001 

  0x00000217197b6748: ;   {metadata(method data for {method} {0x000002172b000488} '<init>' '()V' in 'java/lang/Object')}
  0x00000217197b6748: 48be 08c1 | 1e2b 1702 | 0000 8bbe | cc00 0000 | 83c7 0289 | becc 0000 | 0081 e7fe | ff1f 0083 
  0x00000217197b6768: ff00 0f84 | a202 0000 | 4c8b d344 | 8950 1048 | 8bf0 48c1 | ee09 48bf | 0000 b315 | 1702 0000 
  0x00000217197b6788: c604 3e00 | 4183 e001 | 4488 400c | 4881 c4c0 | 0000 005d 

  0x00000217197b679c: ;   {poll_return}
  0x00000217197b679c: 493b a750 | 0300 000f | 878a 0200 | 00c3 488b | 8424 9000 | 0000 e920 | 0300 0049 | 8b87 e003 
  0x00000217197b67bc: 0000 4d33 | d24d 8997 | e003 0000 | 4d33 d24d | 8997 e803 | 0000 488b | f048 8d84 | 24a0 0000 
  0x00000217197b67dc: 0048 8b38 | 4885 ff0f | 840f 0000 | 0048 8b58 | 08f0 480f | b13b 0f85 | 5102 0000 | 488b c6e9 
  0x00000217197b67fc: d702 0000 | 498b 87e0 | 0300 004d | 33d2 4d89 | 97e0 0300 | 004d 33d2 | 4d89 97e8 | 0300 0048 
  0x00000217197b681c: 8bf0 488d | 8424 a000 | 0000 488b | 3848 85ff | 0f84 0f00 | 0000 488b | 5808 f048 | 0fb1 3b0f 
  0x00000217197b683c: 851e 0200 | 0048 8bc6 | e98e 0200 | 0049 8b87 | e003 0000 | 4d33 d24d | 8997 e003 | 0000 4d33 
  0x00000217197b685c: d24d 8997 | e803 0000 | 488b f048 | 8d84 24a0 | 0000 0048 | 8b38 4885 | ff0f 840f | 0000 0048 
  0x00000217197b687c: 8b58 08f0 | 480f b13b | 0f85 eb01 | 0000 488b | c6e9 4502 

  0x00000217197b6890: ;   {metadata({method} {0x000002172baae448} 'defineClass' '(Ljava/lang/String;[BLorg/eclipse/osgi/internal/loader/classpath/ClasspathEntry;)Lorg/eclipse/osgi/internal/loader/ModuleClassLoader$DefineClassResult;' in 'org/eclipse/osgi/internal/loader/ModuleClassLoader')}
  0x00000217197b6890: 0000 49ba | 40e4 aa2b | 1702 0000 | 4c89 5424 | 0848 c704 | 24ff ffff 

  0x00000217197b68a8: ;   {runtime_call counter_overflow Runtime1 stub}
  0x00000217197b68a8: ffe8 d247 

  0x00000217197b68ac: ; ImmutableOopMap {rdx=Oop [88]=Oop r8=Oop r9=Oop [104]=Oop rdi=Oop [112]=Oop }
                      ;*synchronization entry
                      ; - org.eclipse.osgi.internal.loader.ModuleClassLoader::defineClass@-1 (line 285)
  0x00000217197b68ac: 1c07 e9f3 

  0x00000217197b68b0: ;   {metadata({method} {0x000002172b01e5d8} 'findLoadedClass' '(Ljava/lang/String;)Ljava/lang/Class;' in 'java/lang/ClassLoader')}
  0x00000217197b68b0: f5ff ff49 | bad0 e501 | 2b17 0200 | 004c 8954 | 2408 48c7 | 0424 ffff 

  0x00000217197b68c8: ;   {runtime_call counter_overflow Runtime1 stub}
  0x00000217197b68c8: ffff e8b1 

  0x00000217197b68cc: ; ImmutableOopMap {[88]=Oop [96]=Oop [112]=Oop [104]=Oop }
                      ;*synchronization entry
                      ; - java.lang.ClassLoader::findLoadedClass@-1
                      ; - org.eclipse.osgi.internal.loader.ModuleClassLoader::defineClass@22 (line 291)
  0x00000217197b68cc: 471c 07e9 | 9bf6 ffff 

  0x00000217197b68d4: ;   {runtime_call throw_null_pointer_exception Runtime1 stub}
  0x00000217197b68d4: e847 d91b 

  0x00000217197b68d8: ; ImmutableOopMap {[88]=Oop [96]=Oop rdi=Oop [112]=Oop r9=Oop [104]=Oop }
                      ;*arraylength {reexecute=0 rethrow=0 return_oop=0}
                      ; - org.eclipse.osgi.internal.loader.ModuleClassLoader::defineClass@37 (line 293)
                      ;   {runtime_call throw_null_pointer_exception Runtime1 stub}
  0x00000217197b68d8: 07e8 42d9 

  0x00000217197b68dc: ; ImmutableOopMap {[88]=Oop [96]=Oop rdi=Oop [112]=Oop r9=Oop [104]=Oop }
                      ;*invokevirtual getDomain {reexecute=0 rethrow=0 return_oop=0}
                      ; - org.eclipse.osgi.internal.loader.ModuleClassLoader::defineClass@39 (line 293)
                      ;   {metadata({method} {0x000002172baaf1a0} 'unlockClassName' '(Ljava/lang/String;)V' in 'org/eclipse/osgi/internal/loader/ModuleClassLoader')}
  0x00000217197b68dc: 1b07 49ba | 98f1 aa2b | 1702 0000 | 4c89 5424 | 0848 c704 | 24ff ffff 

  0x00000217197b68f4: ;   {runtime_call counter_overflow Runtime1 stub}
  0x00000217197b68f4: ffe8 8647 

  0x00000217197b68f8: ; ImmutableOopMap {rdx=Oop [88]=Oop [96]=Oop rsi=Oop }
                      ;*synchronization entry
                      ; - org.eclipse.osgi.internal.loader.ModuleClassLoader::unlockClassName@-1 (line 462)
                      ; - org.eclipse.osgi.internal.loader.ModuleClassLoader::defineClass@75 (line 298)
  0x00000217197b68f8: 1c07 e94a 

  0x00000217197b68fc: ;   {runtime_call throw_null_pointer_exception Runtime1 stub}
  0x00000217197b68fc: f8ff ffe8 

  0x00000217197b6900: ; ImmutableOopMap {rdx=Oop [88]=Oop [96]=Oop rsi=Oop rbx=Oop }
                      ;*monitorenter {reexecute=0 rethrow=0 return_oop=0}
                      ; - org.eclipse.osgi.internal.loader.ModuleClassLoader::unlockClassName@6 (line 462)
                      ; - org.eclipse.osgi.internal.loader.ModuleClassLoader::defineClass@75 (line 298)
  0x00000217197b6900: 1cd9 1b07 | 4889 5c24 | 084c 8904 

  0x00000217197b690c: ;   {runtime_call monitorenter_nofpu Runtime1 stub}
  0x00000217197b690c: 24e8 6e17 

  0x00000217197b6910: ; ImmutableOopMap {rdx=Oop [88]=Oop [96]=Oop rsi=Oop rbx=Oop [168]=Oop }
                      ;*monitorenter {reexecute=0 rethrow=0 return_oop=0}
                      ; - org.eclipse.osgi.internal.loader.ModuleClassLoader::unlockClassName@6 (line 462)
                      ; - org.eclipse.osgi.internal.loader.ModuleClassLoader::defineClass@75 (line 298)
  0x00000217197b6910: 1c07 e969 

  0x00000217197b6914: ;   {runtime_call throw_null_pointer_exception Runtime1 stub}
  0x00000217197b6914: f8ff ffe8 

  0x00000217197b6918: ; ImmutableOopMap {rdx=Oop [88]=Oop [96]=Oop [136]=Oop [128]=Oop rax=Oop [168]=Oop }
                      ;*invokeinterface remove {reexecute=0 rethrow=0 return_oop=0}
                      ; - org.eclipse.osgi.internal.loader.ModuleClassLoader::unlockClassName@12 (line 463)
                      ; - org.eclipse.osgi.internal.loader.ModuleClassLoader::defineClass@75 (line 298)
  0x00000217197b6918: 04d9 1b07 

  0x00000217197b691c: ;   {runtime_call throw_null_pointer_exception Runtime1 stub}
  0x00000217197b691c: e8ff d81b 

  0x00000217197b6920: ; ImmutableOopMap {[128]=Oop [136]=Oop rdx=Oop [168]=Oop }
                      ;*invokevirtual notifyAll {reexecute=0 rethrow=0 return_oop=0}
                      ; - org.eclipse.osgi.internal.loader.ModuleClassLoader::unlockClassName@22 (line 464)
                      ; - org.eclipse.osgi.internal.loader.ModuleClassLoader::defineClass@75 (line 298)
  0x00000217197b6920: 0748 8d84 | 24a0 0000 | 0048 8904 

  0x00000217197b692c: ;   {runtime_call monitorexit_nofpu Runtime1 stub}
  0x00000217197b692c: 24e8 ce23 | 1c07 e958 | f9ff ff48 | 8954 2408 | 4889 3424 

  0x00000217197b6940: ;   {runtime_call monitorenter_nofpu Runtime1 stub}
  0x00000217197b6940: e83b 171c 

  0x00000217197b6944: ; ImmutableOopMap {rdi=Oop [112]=Oop r9=Oop [104]=Oop [96]=Oop rdx=Oop [88]=Oop [168]=Oop }
                      ;*monitorenter {reexecute=0 rethrow=0 return_oop=0}
                      ; - org.eclipse.osgi.internal.loader.ModuleClassLoader::defineClass@85 (line 303)
  0x00000217197b6944: 07e9 9ff9 

  0x00000217197b6948: ;   {metadata({method} {0x000002172b01e5d8} 'findLoadedClass' '(Ljava/lang/String;)Ljava/lang/Class;' in 'java/lang/ClassLoader')}
  0x00000217197b6948: ffff 49ba | d0e5 012b | 1702 0000 | 4c89 5424 | 0848 c704 | 24ff ffff 

  0x00000217197b6960: ;   {runtime_call counter_overflow Runtime1 stub}
  0x00000217197b6960: ffe8 1a47 

  0x00000217197b6964: ; ImmutableOopMap {[96]=Oop rdx=Oop [88]=Oop [112]=Oop [104]=Oop [168]=Oop }
                      ;*synchronization entry
                      ; - java.lang.ClassLoader::findLoadedClass@-1
                      ; - org.eclipse.osgi.internal.loader.ModuleClassLoader::defineClass@88 (line 304)
  0x00000217197b6964: 1c07 e9bb 

  0x00000217197b6968: ;   {runtime_call throw_null_pointer_exception Runtime1 stub}
  0x00000217197b6968: f9ff ffe8 

  0x00000217197b696c: ; ImmutableOopMap {rdi=Oop [112]=Oop r9=Oop [104]=Oop [96]=Oop [88]=Oop [168]=Oop }
                      ;*arraylength {reexecute=0 rethrow=0 return_oop=0}
                      ; - org.eclipse.osgi.internal.loader.ModuleClassLoader::defineClass@103 (line 306)
  0x00000217197b696c: b0d8 1b07 

  0x00000217197b6970: ;   {runtime_call throw_null_pointer_exception Runtime1 stub}
  0x00000217197b6970: e8ab d81b 

  0x00000217197b6974: ; ImmutableOopMap {rdi=Oop [112]=Oop r9=Oop [104]=Oop [96]=Oop [88]=Oop [168]=Oop }
                      ;*invokevirtual getDomain {reexecute=0 rethrow=0 return_oop=0}
                      ; - org.eclipse.osgi.internal.loader.ModuleClassLoader::defineClass@105 (line 306)
  0x00000217197b6974: 0748 8d84 | 24a0 0000 | 0048 8904 

  0x00000217197b6980: ;   {runtime_call monitorexit_nofpu Runtime1 stub}
  0x00000217197b6980: 24e8 7a23 | 1c07 e904 

  0x00000217197b6988: ;   {metadata({method} {0x000002172baaf1a0} 'unlockClassName' '(Ljava/lang/String;)V' in 'org/eclipse/osgi/internal/loader/ModuleClassLoader')}
  0x00000217197b6988: fbff ff49 | ba98 f1aa | 2b17 0200 | 004c 8954 | 2408 48c7 | 0424 ffff 

  0x00000217197b69a0: ;   {runtime_call counter_overflow Runtime1 stub}
  0x00000217197b69a0: ffff e8d9 

  0x00000217197b69a4: ; ImmutableOopMap {[144]=Oop rdx=Oop [88]=Oop [96]=Oop }
                      ;*synchronization entry
                      ; - org.eclipse.osgi.internal.loader.ModuleClassLoader::unlockClassName@-1 (line 462)
                      ; - org.eclipse.osgi.internal.loader.ModuleClassLoader::defineClass@62 (line 298)
  0x00000217197b69a4: 461c 07e9 | 88fb ffff 

  0x00000217197b69ac: ;   {runtime_call throw_null_pointer_exception Runtime1 stub}
  0x00000217197b69ac: e86f d81b 

  0x00000217197b69b0: ; ImmutableOopMap {rdx=Oop [88]=Oop [96]=Oop rsi=Oop [144]=Oop }
                      ;*monitorenter {reexecute=0 rethrow=0 return_oop=0}
                      ; - org.eclipse.osgi.internal.loader.ModuleClassLoader::unlockClassName@6 (line 462)
                      ; - org.eclipse.osgi.internal.loader.ModuleClassLoader::defineClass@62 (line 298)
  0x00000217197b69b0: 0748 8974 | 2408 4c89 

  0x00000217197b69b8: ;   {runtime_call monitorenter_nofpu Runtime1 stub}
  0x00000217197b69b8: 0424 e8c1 

  0x00000217197b69bc: ; ImmutableOopMap {rdx=Oop [88]=Oop [96]=Oop rsi=Oop [144]=Oop [168]=Oop }
                      ;*monitorenter {reexecute=0 rethrow=0 return_oop=0}
                      ; - org.eclipse.osgi.internal.loader.ModuleClassLoader::unlockClassName@6 (line 462)
                      ; - org.eclipse.osgi.internal.loader.ModuleClassLoader::defineClass@62 (line 298)
  0x00000217197b69bc: 161c 07e9 | a7fb ffff 

  0x00000217197b69c4: ;   {runtime_call throw_null_pointer_exception Runtime1 stub}
  0x00000217197b69c4: e857 d81b 

  0x00000217197b69c8: ; ImmutableOopMap {rdx=Oop [88]=Oop [152]=Oop [144]=Oop r8=Oop rdi=Oop [168]=Oop }
                      ;*invokeinterface remove {reexecute=0 rethrow=0 return_oop=0}
                      ; - org.eclipse.osgi.internal.loader.ModuleClassLoader::unlockClassName@12 (line 463)
                      ; - org.eclipse.osgi.internal.loader.ModuleClassLoader::defineClass@62 (line 298)
                      ;   {runtime_call throw_null_pointer_exception Runtime1 stub}
  0x00000217197b69c8: 07e8 52d8 

  0x00000217197b69cc: ; ImmutableOopMap {[152]=Oop [144]=Oop rdx=Oop [168]=Oop }
                      ;*invokevirtual notifyAll {reexecute=0 rethrow=0 return_oop=0}
                      ; - org.eclipse.osgi.internal.loader.ModuleClassLoader::unlockClassName@22 (line 464)
                      ; - org.eclipse.osgi.internal.loader.ModuleClassLoader::defineClass@62 (line 298)
  0x00000217197b69cc: 1b07 488d | 8424 a000 | 0000 4889 

  0x00000217197b69d8: ;   {runtime_call monitorexit_nofpu Runtime1 stub}
  0x00000217197b69d8: 0424 e821 | 231c 07e9 | 8bfc ffff 

  0x00000217197b69e4: ;   {runtime_call fast_new_instance Runtime1 stub}
  0x00000217197b69e4: 488b d2e8 

  0x00000217197b69e8: ; ImmutableOopMap {rbx=Oop }
                      ;*new {reexecute=0 rethrow=0 return_oop=0}
                      ; - org.eclipse.osgi.internal.loader.ModuleClassLoader::defineClass@126 (line 311)
  0x00000217197b69e8: 14e3 1b07 | e905 fdff 

  0x00000217197b69f0: ;   {metadata({method} {0x000002172bcbba28} '<init>' '(Ljava/lang/Class;Z)V' in 'org/eclipse/osgi/internal/loader/ModuleClassLoader$DefineClassResult')}
  0x00000217197b69f0: ff49 ba20 | bacb 2b17 | 0200 004c | 8954 2408 | 48c7 0424 | ffff ffff 

  0x00000217197b6a08: ;   {runtime_call counter_overflow Runtime1 stub}
  0x00000217197b6a08: e873 461c 

  0x00000217197b6a0c: ; ImmutableOopMap {rbx=Oop rax=Oop }
                      ;*synchronization entry
                      ; - org.eclipse.osgi.internal.loader.ModuleClassLoader$DefineClassResult::<init>@-1 (line 97)
                      ; - org.eclipse.osgi.internal.loader.ModuleClassLoader::defineClass@134 (line 311)
  0x00000217197b6a0c: 07e9 21fd 

  0x00000217197b6a10: ;   {metadata({method} {0x000002172b000488} '<init>' '()V' in 'java/lang/Object')}
  0x00000217197b6a10: ffff 49ba | 8004 002b | 1702 0000 | 4c89 5424 | 0848 c704 | 24ff ffff 

  0x00000217197b6a28: ;   {runtime_call counter_overflow Runtime1 stub}
  0x00000217197b6a28: ffe8 5246 

  0x00000217197b6a2c: ; ImmutableOopMap {rbx=Oop rax=Oop }
                      ;*synchronization entry
                      ; - java.lang.Object::<init>@-1
                      ; - org.eclipse.osgi.internal.loader.ModuleClassLoader$DefineClassResult::<init>@1 (line 97)
                      ; - org.eclipse.osgi.internal.loader.ModuleClassLoader::defineClass@134 (line 311)
  0x00000217197b6a2c: 1c07 e93d 

  0x00000217197b6a30: ;   {internal_word}
  0x00000217197b6a30: fdff ff49 | ba9c 677b | 1917 0200 | 004d 8997 | 6803 0000 

  0x00000217197b6a44: ;   {runtime_call SafepointBlob}
  0x00000217197b6a44: e937 2212 | 0748 8d84 | 24a0 0000 | 0048 8904 

  0x00000217197b6a54: ;   {runtime_call monitorexit_nofpu Runtime1 stub}
  0x00000217197b6a54: 24e8 a622 | 1c07 e999 | fdff ff48 | 8d84 24a0 | 0000 0048 

  0x00000217197b6a68: ;   {runtime_call monitorexit_nofpu Runtime1 stub}
  0x00000217197b6a68: 8904 24e8 | 9022 1c07 | e9cc fdff | ff48 8d84 | 24a0 0000 | 0048 8904 

  0x00000217197b6a80: ;   {runtime_call monitorexit_nofpu Runtime1 stub}
  0x00000217197b6a80: 24e8 7a22 | 1c07 e9ff | fdff ff8b | 5c24 78e9 | 00fa ffff | 8b5c 2478 | e9f7 f9ff | ff8b 5c24 
  0x00000217197b6aa0: 78e9 eef9 | ffff 8b5c | 2478 e9e5 | f9ff ff8b | 5c24 78e9 | dcf9 ffff | 9090 498b | 87e0 0300 
  0x00000217197b6ac0: 0049 c787 | e003 0000 | 0000 0000 | 49c7 87e8 | 0300 0000 | 0000 0048 | 81c4 c000 

  0x00000217197b6adc: ;   {runtime_call unwind_exception Runtime1 stub}
  0x00000217197b6adc: 0000 5de9 | 1cf7 1207 | f4f4 f4f4 | f4f4 f4f4 | f4f4 f4f4 | f4f4 f4f4 | f4f4 f4f4 | f4f4 f4f4 
  0x00000217197b6afc: f4f4 f4f4 
[Stub Code]
  0x00000217197b6b00: ;   {no_reloc}
  0x00000217197b6b00: 0f1f 4400 

  0x00000217197b6b04: ;   {static_stub}
  0x00000217197b6b04: 0048 bb00 | 0000 0000 

  0x00000217197b6b0c: ;   {runtime_call}
  0x00000217197b6b0c: 0000 00e9 | fbff ffff 

  0x00000217197b6b14: ;   {static_stub}
  0x00000217197b6b14: 9048 bb00 | 0000 0000 

  0x00000217197b6b1c: ;   {runtime_call}
  0x00000217197b6b1c: 0000 00e9 | fbff ffff 

  0x00000217197b6b24: ;   {static_stub}
  0x00000217197b6b24: 9048 bb00 | 0000 0000 

  0x00000217197b6b2c: ;   {runtime_call}
  0x00000217197b6b2c: 0000 00e9 | fbff ffff 

  0x00000217197b6b34: ;   {static_stub}
  0x00000217197b6b34: 9048 bb00 | 0000 0000 

  0x00000217197b6b3c: ;   {runtime_call}
  0x00000217197b6b3c: 0000 00e9 | fbff ffff 

  0x00000217197b6b44: ;   {static_stub}
  0x00000217197b6b44: 9048 bb00 | 0000 0000 

  0x00000217197b6b4c: ;   {runtime_call}
  0x00000217197b6b4c: 0000 00e9 | fbff ffff 

  0x00000217197b6b54: ;   {static_stub}
  0x00000217197b6b54: 9048 bb00 | 0000 0000 

  0x00000217197b6b5c: ;   {runtime_call}
  0x00000217197b6b5c: 0000 00e9 | fbff ffff 

  0x00000217197b6b64: ;   {static_stub}
  0x00000217197b6b64: 9048 bb00 | 0000 0000 

  0x00000217197b6b6c: ;   {runtime_call}
  0x00000217197b6b6c: 0000 00e9 | fbff ffff 

  0x00000217197b6b74: ;   {static_stub}
  0x00000217197b6b74: 9048 bb00 | 0000 0000 

  0x00000217197b6b7c: ;   {runtime_call}
  0x00000217197b6b7c: 0000 00e9 | fbff ffff 

  0x00000217197b6b84: ;   {static_stub}
  0x00000217197b6b84: 9048 bb00 | 0000 0000 

  0x00000217197b6b8c: ;   {runtime_call}
  0x00000217197b6b8c: 0000 00e9 | fbff ffff 

  0x00000217197b6b94: ;   {static_stub}
  0x00000217197b6b94: 9048 bb00 | 0000 0000 

  0x00000217197b6b9c: ;   {runtime_call}
  0x00000217197b6b9c: 0000 00e9 | fbff ffff 

  0x00000217197b6ba4: ;   {static_stub}
  0x00000217197b6ba4: 9048 bb00 | 0000 0000 

  0x00000217197b6bac: ;   {runtime_call}
  0x00000217197b6bac: 0000 00e9 | fbff ffff 
[Exception Handler]
  0x00000217197b6bb4: ;   {runtime_call handle_exception_from_callee Runtime1 stub}
  0x00000217197b6bb4: e847 fc1b 

  0x00000217197b6bb8: ;   {external_word}
  0x00000217197b6bb8: 0748 b940 | 9a3e 7cf9 | 7f00 0048 

  0x00000217197b6bc4: ;   {runtime_call}
  0x00000217197b6bc4: 83e4 f049 | ba60 2d07 | 7cf9 7f00 | 0041 ffd2 

  0x00000217197b6bd4: ;   {section_word}
  0x00000217197b6bd4: f449 bad5 | 6b7b 1917 | 0200 0041 

  0x00000217197b6be0: ;   {runtime_call DeoptimizationBlob}
  0x00000217197b6be0: 52e9 3a35 | 1207 f4f4 
[/MachCode]


---------------  P R O C E S S  ---------------

Threads class SMR info:
_java_thread_list=0x000002173278a700, length=26, elements={
0x000002171679f250, 0x000002172a625260, 0x000002172a6274e0, 0x000002172f784200,
0x000002172f759c60, 0x000002172f75acd0, 0x000002172f769fb0, 0x000002172f770c10,
0x000002172a629fd0, 0x000002172a62b470, 0x00000217168024e0, 0x000002172f904010,
0x000002172f926b80, 0x000002172f94b8d0, 0x000002172f994d70, 0x000002172f99b2b0,
0x0000021731907920, 0x0000021731c2db40, 0x00000217319d8310, 0x00000217319d8830,
0x0000021731ca6830, 0x00000217319d8d50, 0x00000217326a6a50, 0x0000021732941a90,
0x0000021732123950, 0x000002173279e820
}

Java Threads: ( => current thread )
  0x000002171679f250 JavaThread "main" [_thread_blocked, id=333280, stack(0x0000008ce7c00000,0x0000008ce7d00000)]
  0x000002172a625260 JavaThread "Reference Handler" daemon [_thread_blocked, id=333404, stack(0x0000008ce7f00000,0x0000008ce8000000)]
  0x000002172a6274e0 JavaThread "Finalizer" daemon [_thread_blocked, id=333348, stack(0x0000008ce8000000,0x0000008ce8100000)]
  0x000002172f784200 JavaThread "Signal Dispatcher" daemon [_thread_blocked, id=333336, stack(0x0000008ce8100000,0x0000008ce8200000)]
  0x000002172f759c60 JavaThread "Attach Listener" daemon [_thread_blocked, id=333328, stack(0x0000008ce8200000,0x0000008ce8300000)]
  0x000002172f75acd0 JavaThread "Service Thread" daemon [_thread_blocked, id=333412, stack(0x0000008ce8300000,0x0000008ce8400000)]
  0x000002172f769fb0 JavaThread "Monitor Deflation Thread" daemon [_thread_blocked, id=333304, stack(0x0000008ce8400000,0x0000008ce8500000)]
  0x000002172f770c10 JavaThread "C2 CompilerThread0" daemon [_thread_blocked, id=333372, stack(0x0000008ce8500000,0x0000008ce8600000)]
  0x000002172a629fd0 JavaThread "C1 CompilerThread0" daemon [_thread_blocked, id=333340, stack(0x0000008ce8600000,0x0000008ce8700000)]
  0x000002172a62b470 JavaThread "Sweeper thread" daemon [_thread_blocked, id=333436, stack(0x0000008ce8700000,0x0000008ce8800000)]
  0x00000217168024e0 JavaThread "Common-Cleaner" daemon [_thread_blocked, id=333560, stack(0x0000008ce8800000,0x0000008ce8900000)]
  0x000002172f904010 JavaThread "C1 CompilerThread1" daemon [_thread_blocked, id=333624, stack(0x0000008ce8900000,0x0000008ce8a00000)]
  0x000002172f926b80 JavaThread "C1 CompilerThread2" daemon [_thread_blocked, id=333508, stack(0x0000008ce8a00000,0x0000008ce8b00000)]
  0x000002172f94b8d0 JavaThread "C1 CompilerThread3" daemon [_thread_blocked, id=333504, stack(0x0000008ce8b00000,0x0000008ce8c00000)]
  0x000002172f994d70 JavaThread "C2 CompilerThread1" daemon [_thread_blocked, id=333520, stack(0x0000008ce8c00000,0x0000008ce8d00000)]
  0x000002172f99b2b0 JavaThread "C2 CompilerThread2" daemon [_thread_blocked, id=333584, stack(0x0000008ce8d00000,0x0000008ce8e00000)]
  0x0000021731907920 JavaThread "Notification Thread" daemon [_thread_blocked, id=333668, stack(0x0000008ce8e00000,0x0000008ce8f00000)]
  0x0000021731c2db40 JavaThread "C2 CompilerThread3" daemon [_thread_blocked, id=332804, stack(0x0000008ce9000000,0x0000008ce9100000)]
  0x00000217319d8310 JavaThread "C2 CompilerThread4" daemon [_thread_blocked, id=332872, stack(0x0000008ce9100000,0x0000008ce9200000)]
  0x00000217319d8830 JavaThread "C2 CompilerThread5" daemon [_thread_blocked, id=333012, stack(0x0000008ce9200000,0x0000008ce9300000)]
  0x0000021731ca6830 JavaThread "Active Thread: Equinox Container: c27c2066-9ba2-47f1-9d93-298439cea6b0" [_thread_blocked, id=334240, stack(0x0000008ce9400000,0x0000008ce9500000)]
  0x00000217319d8d50 JavaThread "Framework Event Dispatcher: Equinox Container: c27c2066-9ba2-47f1-9d93-298439cea6b0" daemon [_thread_blocked, id=334416, stack(0x0000008ce9300000,0x0000008ce9400000)]
=>0x00000217326a6a50 JavaThread "Start Level: Equinox Container: c27c2066-9ba2-47f1-9d93-298439cea6b0" daemon [_thread_in_vm, id=334508, stack(0x0000008ce9a00000,0x0000008ce9b00000)]
  0x0000021732941a90 JavaThread "SCR Component Actor" daemon [_thread_blocked, id=334468, stack(0x0000008ce9b00000,0x0000008ce9c00000)]
  0x0000021732123950 JavaThread "SCR Component Registry" daemon [_thread_blocked, id=334496, stack(0x0000008ce9e00000,0x0000008ce9f00000)]
  0x000002173279e820 JavaThread "Worker-JM" [_thread_blocked, id=333936, stack(0x0000008ce9f00000,0x0000008cea000000)]

Other Threads:
  0x000002172a60fc00 VMThread "VM Thread" [stack: 0x0000008ce7e00000,0x0000008ce7f00000] [id=333416]
  0x000002173195e140 WatcherThread [stack: 0x0000008ce8f00000,0x0000008ce9000000] [id=333648]
  0x00000217167b2db0 GCTaskThread "GC Thread#0" [stack: 0x0000008ce7d00000,0x0000008ce7e00000] [id=333272]
  0x0000021731fc0460 GCTaskThread "GC Thread#1" [stack: 0x0000008ce9500000,0x0000008ce9600000] [id=324196]
  0x0000021731fc0b30 GCTaskThread "GC Thread#2" [stack: 0x0000008ce9600000,0x0000008ce9700000] [id=239452]
  0x0000021731fc0df0 GCTaskThread "GC Thread#3" [stack: 0x0000008ce9700000,0x0000008ce9800000] [id=293604]
  0x0000021731fc10b0 GCTaskThread "GC Thread#4" [stack: 0x0000008ce9800000,0x0000008ce9900000] [id=332980]
  0x0000021731fc1370 GCTaskThread "GC Thread#5" [stack: 0x0000008ce9900000,0x0000008ce9a00000] [id=329364]
  0x00000217327ef3a0 GCTaskThread "GC Thread#6" [stack: 0x0000008ce9c00000,0x0000008ce9d00000] [id=334516]
  0x0000021732103b50 GCTaskThread "GC Thread#7" [stack: 0x0000008ce9d00000,0x0000008ce9e00000] [id=334484]
  0x00000217328086c0 GCTaskThread "GC Thread#8" [stack: 0x0000008cea000000,0x0000008cea100000] [id=324036]
  0x0000021732892d80 GCTaskThread "GC Thread#9" [stack: 0x0000008cea100000,0x0000008cea200000] [id=331808]

Threads with active compile tasks:

VM state: not at safepoint (normal execution)

VM Mutex/Monitor currently owned by a thread:  ([mutex/lock_event])
[0x000002171679a750] Metaspace_lock - owner thread: 0x00000217326a6a50

Heap address: 0x00000000c0000000, size: 1024 MB, Compressed Oops mode: 32-bit

CDS archive(s) not mapped
Compressed class space mapped at: 0x0000000100000000-0x0000000140000000, reserved size: 1073741824
Narrow klass base: 0x0000000000000000, Narrow klass shift: 3, Narrow klass range: 0x140000000

GC Precious Log:
 CPUs: 16 total, 16 available
 Memory: 16085M
 Large Page Support: Disabled
 NUMA Support: Disabled
 Compressed Oops: Enabled (32-bit)
 Alignments: Space 512K, Generation 512K, Heap 2M
 Heap Min Capacity: 100M
 Heap Initial Capacity: 100M
 Heap Max Capacity: 1G
 Pre-touch: Disabled
 Parallel Workers: 13

Heap:
 PSYoungGen      total 29696K, used 11576K [0x00000000eab00000, 0x00000000ecc00000, 0x0000000100000000)
  eden space 25600K, 29% used [0x00000000eab00000,0x00000000eb252530,0x00000000ec400000)
  from space 4096K, 99% used [0x00000000ec400000,0x00000000ec7fbec0,0x00000000ec800000)
  to   space 4096K, 0% used [0x00000000ec800000,0x00000000ec800000,0x00000000ecc00000)
 ParOldGen       total 68608K, used 2410K [0x00000000c0000000, 0x00000000c4300000, 0x00000000eab00000)
  object space 68608K, 3% used [0x00000000c0000000,0x00000000c025abc0,0x00000000c4300000)
 Metaspace       used 20895K, committed 21312K, reserved 1114112K
  class space    used 2129K, committed 2304K, reserved 1048576K

Card table byte_map: [0x0000021716130000,0x0000021716340000] _byte_map_base: 0x0000021715b30000

Marking Bits: (ParMarkBitMap*) 0x00007ff97c65d7d0
 Begin Bits: [0x0000021728430000, 0x0000021729430000)
 End Bits:   [0x0000021729430000, 0x000002172a430000)

Polling page: 0x0000021714770000

Metaspace:

Usage:
  Non-class:     18.33 MB used.
      Class:      2.08 MB used.
       Both:     20.41 MB used.

Virtual space:
  Non-class space:       64.00 MB reserved,      18.56 MB ( 29%) committed,  1 nodes.
      Class space:        1.00 GB reserved,       2.25 MB ( <1%) committed,  1 nodes.
             Both:        1.06 GB reserved,      20.81 MB (  2%) committed. 

Chunk freelists:
   Non-Class:  12.55 MB
       Class:  13.77 MB
        Both:  26.31 MB

MaxMetaspaceSize: unlimited
CompressedClassSpaceSize: 1.00 GB
Initial GC threshold: 21.00 MB
Current GC threshold: 21.00 MB
CDS: off
MetaspaceReclaimPolicy: balanced
 - commit_granule_bytes: 65536.
 - commit_granule_words: 8192.
 - virtual_space_node_default_size: 8388608.
 - enlarge_chunks_in_place: 1.
 - new_chunks_are_fully_committed: 0.
 - uncommit_free_chunks: 1.
 - use_allocation_guard: 0.
 - handle_deallocations: 1.


Internal statistics:

num_allocs_failed_limit: 0.
num_arena_births: 232.
num_arena_deaths: 0.
num_vsnodes_births: 2.
num_vsnodes_deaths: 0.
num_space_committed: 333.
num_space_uncommitted: 0.
num_chunks_returned_to_freelist: 0.
num_chunks_taken_from_freelist: 704.
num_chunk_merges: 0.
num_chunk_splits: 454.
num_chunks_enlarged: 307.
num_inconsistent_stats: 0.

CodeHeap 'non-profiled nmethods': size=119168Kb used=929Kb max_used=929Kb free=118238Kb
 bounds [0x0000021720fd0000, 0x0000021721240000, 0x0000021728430000]
CodeHeap 'profiled nmethods': size=119104Kb used=4602Kb max_used=4602Kb free=114501Kb
 bounds [0x0000021719430000, 0x00000217198b0000, 0x0000021720880000]
CodeHeap 'non-nmethods': size=7488Kb used=2888Kb max_used=2919Kb free=4599Kb
 bounds [0x0000021720880000, 0x0000021720b60000, 0x0000021720fd0000]
 total_blobs=2820 nmethods=2326 adapters=405
 compilation: enabled
              stopped_count=0, restarted_count=0
 full_count=0

Compilation events (20 events):
Event: 1.106 Thread 0x000002172f904010 2319       1       sun.nio.fs.NativeBuffer::owner (5 bytes)
Event: 1.106 Thread 0x000002172f904010 nmethod 2319 0x00000217210b5210 code [0x00000217210b53a0, 0x00000217210b5478]
Event: 1.106 Thread 0x000002172a629fd0 nmethod 2318 0x00000217198ac890 code [0x00000217198aca60, 0x00000217198ace08]
Event: 1.106 Thread 0x000002172f94b8d0 nmethod 2317 0x00000217198acf90 code [0x00000217198ad1a0, 0x00000217198ad7a8]
Event: 1.106 Thread 0x000002172f926b80 2320       1       sun.nio.fs.WindowsPath::getFileSystem (5 bytes)
Event: 1.107 Thread 0x000002172f926b80 nmethod 2320 0x00000217210b5510 code [0x00000217210b56a0, 0x00000217210b5778]
Event: 1.107 Thread 0x000002172f94b8d0 2322       3       java.util.concurrent.ConcurrentHashMap$ValuesView::iterator (34 bytes)
Event: 1.107 Thread 0x000002172a629fd0 2321       3       java.util.concurrent.ConcurrentHashMap::values (25 bytes)
Event: 1.107 Thread 0x000002172f926b80 2323       3       java.util.concurrent.ConcurrentHashMap$ValueIterator::<init> (12 bytes)
Event: 1.108 Thread 0x000002172f926b80 nmethod 2323 0x00000217198ada10 code [0x00000217198adba0, 0x00000217198adce8]
Event: 1.108 Thread 0x000002172f94b8d0 nmethod 2322 0x00000217198add90 code [0x00000217198adf40, 0x00000217198ae168]
Event: 1.108 Thread 0x000002172f99b2b0 nmethod 2313 0x00000217210b5810 code [0x00000217210b5a20, 0x00000217210b6f58]
Event: 1.108 Thread 0x000002172a629fd0 nmethod 2321 0x00000217198ae290 code [0x00000217198ae440, 0x00000217198ae758]
Event: 1.109 Thread 0x000002172f94b8d0 2324       1       sun.nio.fs.WindowsPathParser$Result::type (5 bytes)
Event: 1.109 Thread 0x000002172f904010 2325       1       sun.nio.fs.WindowsPathParser$Result::root (5 bytes)
Event: 1.109 Thread 0x000002172f926b80 2326       1       sun.nio.fs.WindowsPathParser$Result::path (5 bytes)
Event: 1.109 Thread 0x000002172f94b8d0 nmethod 2324 0x00000217210b7990 code [0x00000217210b7b20, 0x00000217210b7bf8]
Event: 1.109 Thread 0x000002172f926b80 nmethod 2326 0x00000217210b7c90 code [0x00000217210b7e20, 0x00000217210b7ef8]
Event: 1.109 Thread 0x000002172f904010 nmethod 2325 0x00000217210b7f90 code [0x00000217210b8120, 0x00000217210b81f8]
Event: 1.111 Thread 0x000002172f994d70 2327       4       org.eclipse.core.internal.registry.BufferedRandomInputStream::read (41 bytes)

GC Heap History (6 events):
Event: 0.416 GC heap before
{Heap before GC invocations=1 (full 0):
 PSYoungGen      total 29696K, used 25600K [0x00000000eab00000, 0x00000000ecc00000, 0x0000000100000000)
  eden space 25600K, 100% used [0x00000000eab00000,0x00000000ec400000,0x00000000ec400000)
  from space 4096K, 0% used [0x00000000ec800000,0x00000000ec800000,0x00000000ecc00000)
  to   space 4096K, 0% used [0x00000000ec400000,0x00000000ec400000,0x00000000ec800000)
 ParOldGen       total 68608K, used 0K [0x00000000c0000000, 0x00000000c4300000, 0x00000000eab00000)
  object space 68608K, 0% used [0x00000000c0000000,0x00000000c0000000,0x00000000c4300000)
 Metaspace       used 10640K, committed 10816K, reserved 1114112K
  class space    used 1060K, committed 1152K, reserved 1048576K
}
Event: 0.420 GC heap after
{Heap after GC invocations=1 (full 0):
 PSYoungGen      total 29696K, used 3069K [0x00000000eab00000, 0x00000000ecc00000, 0x0000000100000000)
  eden space 25600K, 0% used [0x00000000eab00000,0x00000000eab00000,0x00000000ec400000)
  from space 4096K, 74% used [0x00000000ec400000,0x00000000ec6ff5a8,0x00000000ec800000)
  to   space 4096K, 0% used [0x00000000ec800000,0x00000000ec800000,0x00000000ecc00000)
 ParOldGen       total 68608K, used 16K [0x00000000c0000000, 0x00000000c4300000, 0x00000000eab00000)
  object space 68608K, 0% used [0x00000000c0000000,0x00000000c0004000,0x00000000c4300000)
 Metaspace       used 10640K, committed 10816K, reserved 1114112K
  class space    used 1060K, committed 1152K, reserved 1048576K
}
Event: 0.730 GC heap before
{Heap before GC invocations=2 (full 0):
 PSYoungGen      total 29696K, used 28648K [0x00000000eab00000, 0x00000000ecc00000, 0x0000000100000000)
  eden space 25600K, 99% used [0x00000000eab00000,0x00000000ec3fac88,0x00000000ec400000)
  from space 4096K, 74% used [0x00000000ec400000,0x00000000ec6ff5a8,0x00000000ec800000)
  to   space 4096K, 0% used [0x00000000ec800000,0x00000000ec800000,0x00000000ecc00000)
 ParOldGen       total 68608K, used 16K [0x00000000c0000000, 0x00000000c4300000, 0x00000000eab00000)
  object space 68608K, 0% used [0x00000000c0000000,0x00000000c0004000,0x00000000c4300000)
 Metaspace       used 14519K, committed 14656K, reserved 1114112K
  class space    used 1462K, committed 1536K, reserved 1048576K
}
Event: 0.733 GC heap after
{Heap after GC invocations=2 (full 0):
 PSYoungGen      total 29696K, used 4089K [0x00000000eab00000, 0x00000000ecc00000, 0x0000000100000000)
  eden space 25600K, 0% used [0x00000000eab00000,0x00000000eab00000,0x00000000ec400000)
  from space 4096K, 99% used [0x00000000ec800000,0x00000000ecbfe630,0x00000000ecc00000)
  to   space 4096K, 0% used [0x00000000ec400000,0x00000000ec400000,0x00000000ec800000)
 ParOldGen       total 68608K, used 728K [0x00000000c0000000, 0x00000000c4300000, 0x00000000eab00000)
  object space 68608K, 1% used [0x00000000c0000000,0x00000000c00b6350,0x00000000c4300000)
 Metaspace       used 14519K, committed 14656K, reserved 1114112K
  class space    used 1462K, committed 1536K, reserved 1048576K
}
Event: 1.004 GC heap before
{Heap before GC invocations=3 (full 0):
 PSYoungGen      total 29696K, used 29689K [0x00000000eab00000, 0x00000000ecc00000, 0x0000000100000000)
  eden space 25600K, 100% used [0x00000000eab00000,0x00000000ec400000,0x00000000ec400000)
  from space 4096K, 99% used [0x00000000ec800000,0x00000000ecbfe630,0x00000000ecc00000)
  to   space 4096K, 0% used [0x00000000ec400000,0x00000000ec400000,0x00000000ec800000)
 ParOldGen       total 68608K, used 728K [0x00000000c0000000, 0x00000000c4300000, 0x00000000eab00000)
  object space 68608K, 1% used [0x00000000c0000000,0x00000000c00b6350,0x00000000c4300000)
 Metaspace       used 19635K, committed 19968K, reserved 1114112K
  class space    used 2001K, committed 2112K, reserved 1048576K
}
Event: 1.007 GC heap after
{Heap after GC invocations=3 (full 0):
 PSYoungGen      total 29696K, used 4079K [0x00000000eab00000, 0x00000000ecc00000, 0x0000000100000000)
  eden space 25600K, 0% used [0x00000000eab00000,0x00000000eab00000,0x00000000ec400000)
  from space 4096K, 99% used [0x00000000ec400000,0x00000000ec7fbec0,0x00000000ec800000)
  to   space 4096K, 0% used [0x00000000ec800000,0x00000000ec800000,0x00000000ecc00000)
 ParOldGen       total 68608K, used 2410K [0x00000000c0000000, 0x00000000c4300000, 0x00000000eab00000)
  object space 68608K, 3% used [0x00000000c0000000,0x00000000c025abc0,0x00000000c4300000)
 Metaspace       used 19635K, committed 19968K, reserved 1114112K
  class space    used 2001K, committed 2112K, reserved 1048576K
}

Dll operation events (9 events):
Event: 0.005 Loaded shared library c:\Users\raguv\.vscode\extensions\redhat.java-1.28.1-win32-x64\jre\17.0.10-win32-x86_64\bin\java.dll
Event: 0.090 Loaded shared library c:\Users\raguv\.vscode\extensions\redhat.java-1.28.1-win32-x64\jre\17.0.10-win32-x86_64\bin\zip.dll
Event: 0.092 Loaded shared library C:\Users\raguv\.vscode\extensions\redhat.java-1.28.1-win32-x64\jre\17.0.10-win32-x86_64\bin\instrument.dll
Event: 0.099 Loaded shared library C:\Users\raguv\.vscode\extensions\redhat.java-1.28.1-win32-x64\jre\17.0.10-win32-x86_64\bin\net.dll
Event: 0.100 Loaded shared library C:\Users\raguv\.vscode\extensions\redhat.java-1.28.1-win32-x64\jre\17.0.10-win32-x86_64\bin\nio.dll
Event: 0.104 Loaded shared library C:\Users\raguv\.vscode\extensions\redhat.java-1.28.1-win32-x64\jre\17.0.10-win32-x86_64\bin\zip.dll
Event: 0.112 Loaded shared library C:\Users\raguv\.vscode\extensions\redhat.java-1.28.1-win32-x64\jre\17.0.10-win32-x86_64\bin\jimage.dll
Event: 0.143 Loaded shared library c:\Users\raguv\.vscode\extensions\redhat.java-1.28.1-win32-x64\jre\17.0.10-win32-x86_64\bin\verify.dll
Event: 0.687 Loaded shared library C:\Users\raguv\AppData\Roaming\Code\User\globalStorage\redhat.java\1.28.1\config_ss_win\org.eclipse.equinox.launcher\org.eclipse.equinox.launcher.win32.win32.x86_64_1.2.900.v20240129-1338\eclipse_11900.dll

Deoptimization events (20 events):
Event: 1.041 Thread 0x00000217326a6a50 Uncommon trap: trap_request=0xffffffc6 fr.pc=0x0000021721094a18 relative=0x0000000000001df8
Event: 1.041 Thread 0x00000217326a6a50 Uncommon trap: reason=bimorphic_or_optimized_type_check action=maybe_recompile pc=0x0000021721094a18 method=java.io.DataInputStream.readUnsignedShort()I @ 6 c2
Event: 1.041 Thread 0x00000217326a6a50 DEOPT PACKING pc=0x0000021721094a18 sp=0x0000008ce9af8f30
Event: 1.041 Thread 0x00000217326a6a50 DEOPT UNPACKING pc=0x00000217208d9ea3 sp=0x0000008ce9af8eb0 mode 2
Event: 1.041 Thread 0x00000217326a6a50 Uncommon trap: trap_request=0xffffffc6 fr.pc=0x000002172109b3f4 relative=0x0000000000000694
Event: 1.041 Thread 0x00000217326a6a50 Uncommon trap: reason=bimorphic_or_optimized_type_check action=maybe_recompile pc=0x000002172109b3f4 method=java.io.DataInputStream.readUnsignedShort()I @ 6 c2
Event: 1.041 Thread 0x00000217326a6a50 DEOPT PACKING pc=0x000002172109b3f4 sp=0x0000008ce9af8ee0
Event: 1.041 Thread 0x00000217326a6a50 DEOPT UNPACKING pc=0x00000217208d9ea3 sp=0x0000008ce9af8ea8 mode 2
Event: 1.057 Thread 0x00000217326a6a50 Uncommon trap: trap_request=0xffffff45 fr.pc=0x0000021721019d74 relative=0x0000000000000074
Event: 1.057 Thread 0x00000217326a6a50 Uncommon trap: reason=unstable_if action=reinterpret pc=0x0000021721019d74 method=jdk.internal.misc.Unsafe.convEndian(ZJ)J @ 4 c2
Event: 1.057 Thread 0x00000217326a6a50 DEOPT PACKING pc=0x0000021721019d74 sp=0x0000008ce9af76b0
Event: 1.057 Thread 0x00000217326a6a50 DEOPT UNPACKING pc=0x00000217208d9ea3 sp=0x0000008ce9af75d8 mode 2
Event: 1.104 Thread 0x00000217326a6a50 Uncommon trap: trap_request=0xffffffde fr.pc=0x000002172105341c relative=0x000000000000095c
Event: 1.104 Thread 0x00000217326a6a50 Uncommon trap: reason=class_check action=maybe_recompile pc=0x000002172105341c method=java.util.HashMap.putVal(ILjava/lang/Object;Ljava/lang/Object;ZZ)Ljava/lang/Object; @ 253 c2
Event: 1.104 Thread 0x00000217326a6a50 DEOPT PACKING pc=0x000002172105341c sp=0x0000008ce9af7590
Event: 1.104 Thread 0x00000217326a6a50 DEOPT UNPACKING pc=0x00000217208d9ea3 sp=0x0000008ce9af7428 mode 2
Event: 1.110 Thread 0x00000217326a6a50 Uncommon trap: trap_request=0xffffff45 fr.pc=0x000002172106c540 relative=0x0000000000000040
Event: 1.110 Thread 0x00000217326a6a50 Uncommon trap: reason=unstable_if action=reinterpret pc=0x000002172106c540 method=sun.nio.fs.WindowsPathParser.isSlash(C)Z @ 9 c2
Event: 1.110 Thread 0x00000217326a6a50 DEOPT PACKING pc=0x000002172106c540 sp=0x0000008ce9af8dd0
Event: 1.110 Thread 0x00000217326a6a50 DEOPT UNPACKING pc=0x00000217208d9ea3 sp=0x0000008ce9af8d58 mode 2

Classes unloaded (0 events):
No events

Classes redefined (0 events):
No events

Internal exceptions (20 events):
Event: 0.685 Thread 0x000002171679f250 Exception <a 'java/lang/UnsatisfiedLinkError'{0x00000000ebff04b0}: 'void org.eclipse.equinox.launcher.JNIBridge._update_splash()'> (0x00000000ebff04b0) 
thrown [s\src\hotspot\share\prims\nativeLookup.cpp, line 543]
Event: 0.708 Thread 0x00000217326a6a50 Exception <a 'java/lang/NoSuchMethodError'{0x00000000ec2613c8}: 'java.lang.Object java.lang.invoke.DirectMethodHandle$Holder.invokeStaticInit(java.lang.Object)'> (0x00000000ec2613c8) 
thrown [s\src\hotspot\share\interpreter\linkResolver.cpp, line 759]
Event: 0.727 Thread 0x00000217326a6a50 Exception <a 'java/lang/NullPointerException'{0x00000000ec39bfe8}> (0x00000000ec39bfe8) 
thrown [s\src\hotspot\share\interpreter\linkResolver.cpp, line 1350]
Event: 0.727 Thread 0x00000217326a6a50 Exception <a 'java/lang/NullPointerException'{0x00000000ec39c2c0}> (0x00000000ec39c2c0) 
thrown [s\src\hotspot\share\interpreter\linkResolver.cpp, line 1350]
Event: 0.833 Thread 0x00000217326a6a50 Exception <a 'java/io/FileNotFoundException'{0x00000000eb60d630}> (0x00000000eb60d630) 
thrown [s\src\hotspot\share\prims\jni.cpp, line 516]
Event: 0.865 Thread 0x00000217326a6a50 Exception <a 'java/lang/NoSuchMethodError'{0x00000000eb7fc338}: 'java.lang.Object java.lang.invoke.Invokers$Holder.invokeExact_MT(java.lang.Object, java.lang.Object, java.lang.Object, java.lang.Object, java.lang.Object, java.lang.Object)'> (0x00000000eb7fc338) 
thrown [s\src\hotspot\share\interpreter\linkResolver.cpp, line 759]
Event: 0.883 Thread 0x00000217326a6a50 Exception <a 'java/lang/NoSuchMethodError'{0x00000000eb91bc30}: 'java.lang.Object java.lang.invoke.Invokers$Holder.linkToTargetMethod(java.lang.Object, long, java.lang.Object)'> (0x00000000eb91bc30) 
thrown [s\src\hotspot\share\interpreter\linkResolver.cpp, line 759]
Event: 0.919 Thread 0x00000217326a6a50 Exception <a 'java/lang/NoSuchMethodError'{0x00000000ebcaa208}: 'void java.lang.invoke.DirectMethodHandle$Holder.invokeInterface(java.lang.Object, java.lang.Object, java.lang.Object)'> (0x00000000ebcaa208) 
thrown [s\src\hotspot\share\interpreter\linkResolver.cpp, line 759]
Event: 0.948 Thread 0x00000217326a6a50 Exception <a 'java/lang/NoSuchMethodError'{0x00000000ebfbc288}: 'void java.lang.invoke.DirectMethodHandle$Holder.invokeVirtual(java.lang.Object, java.lang.Object)'> (0x00000000ebfbc288) 
thrown [s\src\hotspot\share\interpreter\linkResolver.cpp, line 759]
Event: 0.961 Thread 0x00000217326a6a50 Exception <a 'java/lang/NoSuchMethodError'{0x00000000ec0ccfa0}: 'java.lang.Object java.lang.invoke.DirectMethodHandle$Holder.invokeStatic(java.lang.Object, java.lang.Object, int)'> (0x00000000ec0ccfa0) 
thrown [s\src\hotspot\share\interpreter\linkResolver.cpp, line 759]
Event: 0.962 Thread 0x00000217326a6a50 Exception <a 'java/lang/NoSuchMethodError'{0x00000000ec0d1dc0}: 'void java.lang.invoke.DirectMethodHandle$Holder.invokeStatic(java.lang.Object, java.lang.Object, int, java.lang.Object)'> (0x00000000ec0d1dc0) 
thrown [s\src\hotspot\share\interpreter\linkResolver.cpp, line 759]
Event: 0.962 Thread 0x00000217326a6a50 Exception <a 'java/lang/NoSuchMethodError'{0x00000000ec0d94f0}: 'void java.lang.invoke.DelegatingMethodHandle$Holder.delegate(java.lang.Object, java.lang.Object, int, java.lang.Object)'> (0x00000000ec0d94f0) 
thrown [s\src\hotspot\share\interpreter\linkResolver.cpp, line 759]
Event: 0.963 Thread 0x00000217326a6a50 Exception <a 'java/lang/NoSuchMethodError'{0x00000000ec0dd8d8}: 'int java.lang.invoke.DirectMethodHandle$Holder.invokeSpecial(java.lang.Object, java.lang.Object, java.lang.Object)'> (0x00000000ec0dd8d8) 
thrown [s\src\hotspot\share\interpreter\linkResolver.cpp, line 759]
Event: 0.964 Thread 0x00000217326a6a50 Exception <a 'java/lang/NoSuchMethodError'{0x00000000ec0ef200}: 'int java.lang.invoke.DirectMethodHandle$Holder.invokeStatic(java.lang.Object, java.lang.Object, int)'> (0x00000000ec0ef200) 
thrown [s\src\hotspot\share\interpreter\linkResolver.cpp, line 759]
Event: 0.964 Thread 0x00000217326a6a50 Exception <a 'java/lang/NoSuchMethodError'{0x00000000ec0f3228}: 'int java.lang.invoke.DirectMethodHandle$Holder.invokeSpecial(java.lang.Object, java.lang.Object, java.lang.Object, int)'> (0x00000000ec0f3228) 
thrown [s\src\hotspot\share\interpreter\linkResolver.cpp, line 759]
Event: 0.966 Thread 0x00000217326a6a50 Exception <a 'java/lang/NoSuchMethodError'{0x00000000ec10f208}: 'java.lang.Object java.lang.invoke.DirectMethodHandle$Holder.invokeStatic(java.lang.Object, java.lang.Object, java.lang.Object, java.lang.Object, int)'> (0x00000000ec10f208) 
thrown [s\src\hotspot\share\interpreter\linkResolver.cpp, line 759]
Event: 0.967 Thread 0x00000217326a6a50 Exception <a 'java/lang/NoSuchMethodError'{0x00000000ec11b200}: 'java.lang.Object java.lang.invoke.DelegatingMethodHandle$Holder.reinvoke_L(java.lang.Object, java.lang.Object, java.lang.Object, java.lang.Object, int, int)'> (0x00000000ec11b200) 
thrown [s\src\hotspot\share\interpreter\linkResolver.cpp, line 759]
Event: 0.968 Thread 0x00000217326a6a50 Exception <a 'java/lang/NoSuchMethodError'{0x00000000ec12fb68}: 'java.lang.Object java.lang.invoke.Invokers$Holder.invokeExact_MT(java.lang.Object, java.lang.Object, java.lang.Object, java.lang.Object)'> (0x00000000ec12fb68) 
thrown [s\src\hotspot\share\interpreter\linkResolver.cpp, line 759]
Event: 1.001 Thread 0x00000217326a6a50 Exception <a 'java/io/FileNotFoundException'{0x00000000ec3b53b8}> (0x00000000ec3b53b8) 
thrown [s\src\hotspot\share\prims\jni.cpp, line 516]
Event: 1.002 Thread 0x00000217326a6a50 Exception <a 'java/io/FileNotFoundException'{0x00000000ec3bc550}> (0x00000000ec3bc550) 
thrown [s\src\hotspot\share\prims\jni.cpp, line 516]

VM Operations (20 events):
Event: 0.591 Executing VM operation: HandshakeAllThreads
Event: 0.591 Executing VM operation: HandshakeAllThreads done
Event: 0.594 Executing VM operation: HandshakeAllThreads
Event: 0.594 Executing VM operation: HandshakeAllThreads done
Event: 0.603 Executing VM operation: HandshakeAllThreads
Event: 0.603 Executing VM operation: HandshakeAllThreads done
Event: 0.635 Executing VM operation: ICBufferFull
Event: 0.635 Executing VM operation: ICBufferFull done
Event: 0.725 Executing VM operation: HandshakeAllThreads
Event: 0.725 Executing VM operation: HandshakeAllThreads done
Event: 0.730 Executing VM operation: ParallelGCFailedAllocation
Event: 0.733 Executing VM operation: ParallelGCFailedAllocation done
Event: 0.903 Executing VM operation: HandshakeAllThreads
Event: 0.903 Executing VM operation: HandshakeAllThreads done
Event: 0.960 Executing VM operation: HandshakeAllThreads
Event: 0.960 Executing VM operation: HandshakeAllThreads done
Event: 1.004 Executing VM operation: ParallelGCFailedAllocation
Event: 1.007 Executing VM operation: ParallelGCFailedAllocation done
Event: 1.057 Executing VM operation: HandshakeAllThreads
Event: 1.057 Executing VM operation: HandshakeAllThreads done

Events (20 events):
Event: 1.077 loading class sun/util/locale/provider/LocaleResources$ResourceReference
Event: 1.078 loading class sun/util/locale/provider/LocaleResources$ResourceReference done
Event: 1.078 loading class java/io/FileOutputStream$1
Event: 1.078 loading class java/io/FileOutputStream$1 done
Event: 1.098 loading class java/nio/file/NoSuchFileException
Event: 1.098 loading class java/nio/file/FileSystemException
Event: 1.098 loading class java/nio/file/FileSystemException done
Event: 1.098 loading class java/nio/file/NoSuchFileException done
Event: 1.098 loading class java/nio/file/FileAlreadyExistsException
Event: 1.098 loading class java/nio/file/FileAlreadyExistsException done
Event: 1.098 loading class java/nio/file/AccessDeniedException
Event: 1.098 loading class java/nio/file/AccessDeniedException done
Event: 1.098 loading class java/nio/file/DirectoryNotEmptyException
Event: 1.099 loading class java/nio/file/DirectoryNotEmptyException done
Event: 1.105 loading class java/nio/file/attribute/DosFileAttributeView
Event: 1.105 loading class java/nio/file/attribute/DosFileAttributeView done
Event: 1.105 loading class sun/nio/fs/WindowsFileAttributeViews$Dos
Event: 1.105 loading class sun/nio/fs/WindowsFileAttributeViews$Dos done
Event: 1.110 loading class sun/nio/fs/WindowsUriSupport
Event: 1.110 loading class sun/nio/fs/WindowsUriSupport done


Dynamic libraries:
0x00007ff6425d0000 - 0x00007ff6425de000 	c:\Users\raguv\.vscode\extensions\redhat.java-1.28.1-win32-x64\jre\17.0.10-win32-x86_64\bin\java.exe
0x00007ffa2cf90000 - 0x00007ffa2d1a6000 	C:\WINDOWS\SYSTEM32\ntdll.dll
0x00007ffa2b970000 - 0x00007ffa2ba34000 	C:\WINDOWS\System32\KERNEL32.DLL
0x00007ffa2a740000 - 0x00007ffa2aae6000 	C:\WINDOWS\System32\KERNELBASE.dll
0x00007ffa2ab20000 - 0x00007ffa2ac31000 	C:\WINDOWS\System32\ucrtbase.dll
0x00007ffa20620000 - 0x00007ffa2063b000 	c:\Users\raguv\.vscode\extensions\redhat.java-1.28.1-win32-x64\jre\17.0.10-win32-x86_64\bin\VCRUNTIME140.dll
0x00007ffa20cf0000 - 0x00007ffa20d07000 	c:\Users\raguv\.vscode\extensions\redhat.java-1.28.1-win32-x64\jre\17.0.10-win32-x86_64\bin\jli.dll
0x00007ffa2b500000 - 0x00007ffa2b6ad000 	C:\WINDOWS\System32\USER32.dll
0x00007ffa1b050000 - 0x00007ffa1b2e3000 	C:\WINDOWS\WinSxS\amd64_microsoft.windows.common-controls_6595b64144ccf1df_6.0.22621.3235_none_270f74e173860f98\COMCTL32.dll
0x00007ffa2acb0000 - 0x00007ffa2acd6000 	C:\WINDOWS\System32\win32u.dll
0x00007ffa2acf0000 - 0x00007ffa2ad19000 	C:\WINDOWS\System32\GDI32.dll
0x00007ffa2b3f0000 - 0x00007ffa2b497000 	C:\WINDOWS\System32\msvcrt.dll
0x00007ffa2a350000 - 0x00007ffa2a468000 	C:\WINDOWS\System32\gdi32full.dll
0x00007ffa2a530000 - 0x00007ffa2a5ca000 	C:\WINDOWS\System32\msvcp_win.dll
0x00007ffa2ae30000 - 0x00007ffa2ae61000 	C:\WINDOWS\System32\IMM32.DLL
0x00007ffa234a0000 - 0x00007ffa234ac000 	c:\Users\raguv\.vscode\extensions\redhat.java-1.28.1-win32-x64\jre\17.0.10-win32-x86_64\bin\vcruntime140_1.dll
0x00007ffa20110000 - 0x00007ffa2019d000 	c:\Users\raguv\.vscode\extensions\redhat.java-1.28.1-win32-x64\jre\17.0.10-win32-x86_64\bin\msvcp140.dll
0x00007ff97bac0000 - 0x00007ff97c722000 	c:\Users\raguv\.vscode\extensions\redhat.java-1.28.1-win32-x64\jre\17.0.10-win32-x86_64\bin\server\jvm.dll
0x00007ffa2c8f0000 - 0x00007ffa2c9a2000 	C:\WINDOWS\System32\ADVAPI32.dll
0x00007ffa2ad80000 - 0x00007ffa2ae28000 	C:\WINDOWS\System32\sechost.dll
0x00007ffa2aaf0000 - 0x00007ffa2ab18000 	C:\WINDOWS\System32\bcrypt.dll
0x00007ffa2c9b0000 - 0x00007ffa2cac5000 	C:\WINDOWS\System32\RPCRT4.dll
0x00007ffa270c0000 - 0x00007ffa270c9000 	C:\WINDOWS\SYSTEM32\WSOCK32.dll
0x00007ffa29120000 - 0x00007ffa2916d000 	C:\WINDOWS\SYSTEM32\POWRPROF.dll
0x00007ffa23320000 - 0x00007ffa23354000 	C:\WINDOWS\SYSTEM32\WINMM.dll
0x00007ffa2b270000 - 0x00007ffa2b2e1000 	C:\WINDOWS\System32\WS2_32.dll
0x00007ffa225e0000 - 0x00007ffa225ea000 	C:\WINDOWS\SYSTEM32\VERSION.dll
0x00007ffa29100000 - 0x00007ffa29113000 	C:\WINDOWS\SYSTEM32\UMPDC.dll
0x00007ffa293c0000 - 0x00007ffa293d8000 	C:\WINDOWS\SYSTEM32\kernel.appcore.dll
0x00007ffa23680000 - 0x00007ffa2368a000 	c:\Users\raguv\.vscode\extensions\redhat.java-1.28.1-win32-x64\jre\17.0.10-win32-x86_64\bin\jimage.dll
0x00007ffa27d60000 - 0x00007ffa27f93000 	C:\WINDOWS\SYSTEM32\DBGHELP.DLL
0x00007ffa2ba40000 - 0x00007ffa2bdc8000 	C:\WINDOWS\System32\combase.dll
0x00007ffa2c7f0000 - 0x00007ffa2c8c7000 	C:\WINDOWS\System32\OLEAUT32.dll
0x00007ffa0af60000 - 0x00007ffa0af92000 	C:\WINDOWS\SYSTEM32\dbgcore.DLL
0x00007ffa2a2d0000 - 0x00007ffa2a34a000 	C:\WINDOWS\System32\bcryptPrimitives.dll
0x00007ffa21590000 - 0x00007ffa2159e000 	c:\Users\raguv\.vscode\extensions\redhat.java-1.28.1-win32-x64\jre\17.0.10-win32-x86_64\bin\instrument.dll
0x00007ffa20570000 - 0x00007ffa20595000 	c:\Users\raguv\.vscode\extensions\redhat.java-1.28.1-win32-x64\jre\17.0.10-win32-x86_64\bin\java.dll
0x00007ffa20550000 - 0x00007ffa20568000 	c:\Users\raguv\.vscode\extensions\redhat.java-1.28.1-win32-x64\jre\17.0.10-win32-x86_64\bin\zip.dll
0x00007ffa2bdd0000 - 0x00007ffa2c62d000 	C:\WINDOWS\System32\SHELL32.dll
0x00007ffa281e0000 - 0x00007ffa28ad8000 	C:\WINDOWS\SYSTEM32\windows.storage.dll
0x00007ffa280a0000 - 0x00007ffa281de000 	C:\WINDOWS\SYSTEM32\wintypes.dll
0x00007ffa2b6b0000 - 0x00007ffa2b7a3000 	C:\WINDOWS\System32\SHCORE.dll
0x00007ffa2b4a0000 - 0x00007ffa2b4fe000 	C:\WINDOWS\System32\shlwapi.dll
0x00007ffa2a200000 - 0x00007ffa2a226000 	C:\WINDOWS\SYSTEM32\profapi.dll
0x00007ffa200f0000 - 0x00007ffa20109000 	C:\Users\raguv\.vscode\extensions\redhat.java-1.28.1-win32-x64\jre\17.0.10-win32-x86_64\bin\net.dll
0x00007ffa24030000 - 0x00007ffa24167000 	C:\WINDOWS\SYSTEM32\WINHTTP.dll
0x00007ffa29830000 - 0x00007ffa29899000 	C:\WINDOWS\system32\mswsock.dll
0x00007ffa200d0000 - 0x00007ffa200e6000 	C:\Users\raguv\.vscode\extensions\redhat.java-1.28.1-win32-x64\jre\17.0.10-win32-x86_64\bin\nio.dll
0x00007ffa20b40000 - 0x00007ffa20b50000 	c:\Users\raguv\.vscode\extensions\redhat.java-1.28.1-win32-x64\jre\17.0.10-win32-x86_64\bin\verify.dll
0x00007ffa1f7a0000 - 0x00007ffa1f7de000 	C:\Users\raguv\AppData\Roaming\Code\User\globalStorage\redhat.java\1.28.1\config_ss_win\org.eclipse.equinox.launcher\org.eclipse.equinox.launcher.win32.win32.x86_64_1.2.900.v20240129-1338\eclipse_11900.dll
0x00007ffa2b0d0000 - 0x00007ffa2b26f000 	C:\WINDOWS\System32\ole32.dll

dbghelp: loaded successfully - version: 4.0.5 - missing functions: none
symbol engine: initialized successfully - sym options: 0x614 - pdb path: .;c:\Users\raguv\.vscode\extensions\redhat.java-1.28.1-win32-x64\jre\17.0.10-win32-x86_64\bin;C:\WINDOWS\SYSTEM32;C:\WINDOWS\WinSxS\amd64_microsoft.windows.common-controls_6595b64144ccf1df_6.0.22621.3235_none_270f74e173860f98;c:\Users\raguv\.vscode\extensions\redhat.java-1.28.1-win32-x64\jre\17.0.10-win32-x86_64\bin\server;C:\Users\raguv\AppData\Roaming\Code\User\globalStorage\redhat.java\1.28.1\config_ss_win\org.eclipse.equinox.launcher\org.eclipse.equinox.launcher.win32.win32.x86_64_1.2.900.v20240129-1338

VM Arguments:
jvm_args: --add-modules=ALL-SYSTEM --add-opens=java.base/java.util=ALL-UNNAMED --add-opens=java.base/java.lang=ALL-UNNAMED --add-opens=java.base/sun.nio.fs=ALL-UNNAMED -Declipse.application=org.eclipse.jdt.ls.core.id1 -Dosgi.bundles.defaultStartLevel=4 -Declipse.product=org.eclipse.jdt.ls.core.product -Djava.import.generatesMetadataFilesAtProjectRoot=false -DDetectVMInstallationsJob.disabled=true -Dfile.encoding=utf8 -XX:+UseParallelGC -XX:GCTimeRatio=4 -XX:AdaptiveSizePolicyWeight=90 -Dsun.zip.disableMemoryMapping=true -Xmx1G -Xms100m -Xlog:disable -javaagent:c:\Users\raguv\.vscode\extensions\redhat.java-1.28.1-win32-x64\lombok\lombok-1.18.31.jar 
java_command: c:\Users\raguv\.vscode\extensions\redhat.java-1.28.1-win32-x64\server\plugins\org.eclipse.equinox.launcher_1.6.700.v20231214-2017.jar -configuration c:\Users\raguv\AppData\Roaming\Code\User\globalStorage\redhat.java\1.28.1\config_ss_win -data c:\Users\raguv\AppData\Roaming\Code\User\workspaceStorage\3369feadbb714503eb105f69fa7612c8\redhat.java\ss_ws --stdio
java_class_path (initial): c:\Users\raguv\.vscode\extensions\redhat.java-1.28.1-win32-x64\server\plugins\org.eclipse.equinox.launcher_1.6.700.v20231214-2017.jar
Launcher Type: SUN_STANDARD

[Global flags]
    uintx AdaptiveSizePolicyWeight                 = 90                                        {product} {command line}
     intx CICompilerCount                          = 12                                        {product} {ergonomic}
    uintx GCTimeRatio                              = 4                                         {product} {command line}
   size_t InitialHeapSize                          = 104857600                                 {product} {command line}
   size_t MaxHeapSize                              = 1073741824                                {product} {command line}
   size_t MaxNewSize                               = 357564416                                 {product} {ergonomic}
   size_t MinHeapDeltaBytes                        = 524288                                    {product} {ergonomic}
   size_t MinHeapSize                              = 104857600                                 {product} {command line}
   size_t NewSize                                  = 34603008                                  {product} {ergonomic}
    uintx NonNMethodCodeHeapSize                   = 7602480                                {pd product} {ergonomic}
    uintx NonProfiledCodeHeapSize                  = 122027880                              {pd product} {ergonomic}
   size_t OldSize                                  = 70254592                                  {product} {ergonomic}
    uintx ProfiledCodeHeapSize                     = 122027880                              {pd product} {ergonomic}
    uintx ReservedCodeCacheSize                    = 251658240                              {pd product} {ergonomic}
     bool SegmentedCodeCache                       = true                                      {product} {ergonomic}
   size_t SoftMaxHeapSize                          = 1073741824                             {manageable} {ergonomic}
     bool UseCompressedClassPointers               = true                           {product lp64_product} {ergonomic}
     bool UseCompressedOops                        = true                           {product lp64_product} {ergonomic}
     bool UseLargePagesIndividualAllocation        = false                                  {pd product} {ergonomic}
     bool UseParallelGC                            = true                                      {product} {command line}

Logging:
Log output configuration:
 #0: stdout all=off uptime,level,tags
 #1: stderr all=off uptime,level,tags

Environment Variables:
PATH=C:\Program Files\Common Files\Oracle\Java\javapath;C:\Windows\system32;C:\Windows;C:\Windows\System32\Wbem;C:\Windows\System32\WindowsPowerShell\v1.0\;C:\Windows\System32\OpenSSH\;C:\Program Files (x86)\NVIDIA Corporation\PhysX\Common;C:\Program Files\NVIDIA Corporation\NVIDIA NvDLISR;C:\WINDOWS\system32;C:\WINDOWS;C:\WINDOWS\System32\Wbem;C:\WINDOWS\System32\WindowsPowerShell\v1.0\;C:\WINDOWS\System32\OpenSSH\;C:\Program Files\Git\cmd;C:\Program Files\MySQL\MySQL Server 8.0\bin;C:\Program Files\dotnet\;C:\Program Files\PowerShell\7\;C:\Program Files\MySQL\MySQL Shell 8.0\bin\;C:\Users\raguv\AppData\Local\Microsoft\WindowsApps;C:\Program Files\JetBrains\IntelliJ IDEA Community Edition 2023.1\bin;;C:\Users\raguv\AppData\Local\GitHubDesktop\bin;C:\Program Files\Git\bin\;C:\Program Files\Git\cmd\;C:\Users\raguv\AppData\Local\Programs\Microsoft VS Code\bin;C:\Program Files\apache-maven-3.9.2-bin\apache-maven-3.9.2\bin;
USERNAME=brahmabull3
OS=Windows_NT
PROCESSOR_IDENTIFIER=Intel64 Family 6 Model 141 Stepping 1, GenuineIntel
TMP=C:\Users\raguv\AppData\Local\Temp
TEMP=C:\Users\raguv\AppData\Local\Temp



Periodic native trim disabled


---------------  S Y S T E M  ---------------

OS:
 Windows 11 , 64 bit Build 22621 (10.0.22621.3235)
OS uptime: 0 days 16:52 hours
Hyper-V role detected

CPU: total 16 (initial active 16) (8 cores per cpu, 2 threads per core) family 6 model 141 stepping 1 microcode 0x34, cx8, cmov, fxsr, ht, mmx, 3dnowpref, sse, sse2, sse3, ssse3, sse4.1, sse4.2, popcnt, lzcnt, tsc, tscinvbit, avx, avx2, aes, erms, clmul, bmi1, bmi2, adx, avx512f, avx512dq, avx512cd, avx512bw, avx512vl, sha, fma, vzeroupper, avx512_vpopcntdq, avx512_vpclmulqdq, avx512_vaes, avx512_vnni, clflush, clflushopt, clwb, avx512_vbmi2, avx512_vbmi, hv
Processor Information for all 16 processors :
  Max Mhz: 2301, Current Mhz: 2301, Mhz Limit: 2301

Memory: 4k page, system-wide physical 16085M (6782M free)
TotalPageFile size 18991M (AvailPageFile size 149M)
current process WorkingSet (physical memory assigned to process): 109M, peak: 109M
current process commit charge ("private bytes"): 238M, peak: 238M

vm_info: OpenJDK 64-Bit Server VM (17.0.10+7) for windows-amd64 JRE (17.0.10+7), built on Jan 16 2024 23:25:11 by "admin" with MS VC++ 16.10 / 16.11 (VS2019)

END.
