#
# There is insufficient memory for the Java Runtime Environment to continue.
# Native memory allocation (mmap) failed to map 65536 bytes for Failed to commit metaspace.
# Possible reasons:
#   The system is out of physical RAM or swap space
#   The process is running with CompressedOops enabled, and the Java Heap may be blocking the growth of the native heap
# Possible solutions:
#   Reduce memory load on the system
#   Increase physical memory or swap space
#   Check if swap backing store is full
#   Decrease Java heap size (-Xmx/-Xms)
#   Decrease number of Java threads
#   Decrease Java thread stack sizes (-Xss)
#   Set larger code cache with -XX:ReservedCodeCacheSize=
#   JVM is running with Unscaled Compressed Oops mode in which the Java heap is
#     placed in the first 4GB address space. The Java Heap base address is the
#     maximum limit for the native heap growth. Please use -XX:HeapBaseMinAddress
#     to set the Java Heap base and to place the Java Heap above 4GB virtual address.
# This output file may be truncated or incomplete.
#
#  Out of Memory Error (virtualSpaceNode.cpp:110), pid=330028, tid=330268
#
# JRE version: OpenJDK Runtime Environment Temurin-17.0.10+7 (17.0.10+7) (build 17.0.10+7)
# Java VM: OpenJDK 64-Bit Server VM Temurin-17.0.10+7 (17.0.10+7, mixed mode, tiered, compressed oops, compressed class ptrs, parallel gc, windows-amd64)
# No core dump will be written. Minidumps are not enabled by default on client versions of Windows
#

---------------  S U M M A R Y ------------

Command Line: --add-modules=ALL-SYSTEM --add-opens=java.base/java.util=ALL-UNNAMED --add-opens=java.base/java.lang=ALL-UNNAMED --add-opens=java.base/sun.nio.fs=ALL-UNNAMED -Declipse.application=org.eclipse.jdt.ls.core.id1 -Dosgi.bundles.defaultStartLevel=4 -Declipse.product=org.eclipse.jdt.ls.core.product -Djava.import.generatesMetadataFilesAtProjectRoot=false -DDetectVMInstallationsJob.disabled=true -Dfile.encoding=utf8 -XX:+UseParallelGC -XX:GCTimeRatio=4 -XX:AdaptiveSizePolicyWeight=90 -Dsun.zip.disableMemoryMapping=true -Xmx1G -Xms100m -Xlog:disable -javaagent:c:\Users\raguv\.vscode\extensions\redhat.java-1.28.1-win32-x64\lombok\lombok-1.18.31.jar c:\Users\raguv\.vscode\extensions\redhat.java-1.28.1-win32-x64\server\plugins\org.eclipse.equinox.launcher_1.6.700.v20231214-2017.jar -configuration c:\Users\raguv\AppData\Roaming\Code\User\globalStorage\redhat.java\1.28.1\config_ss_win -data c:\Users\raguv\AppData\Roaming\Code\User\workspaceStorage\3369feadbb714503eb105f69fa7612c8\redhat.java\ss_ws --stdio

Host: 11th Gen Intel(R) Core(TM) i7-11800H @ 2.30GHz, 16 cores, 15G,  Windows 11 , 64 bit Build 22621 (10.0.22621.3235)
Time: Wed Mar 20 16:38:52 2024 India Standard Time elapsed time: 1.091334 seconds (0d 0h 0m 1s)

---------------  T H R E A D  ---------------

Current thread (0x00000291db1ea210):  JavaThread "Start Level: Equinox Container: 205c0bea-1f83-4e0c-8e10-29b8f2e58878" daemon [_thread_in_vm, id=330268, stack(0x000000cfeee00000,0x000000cfeef00000)]

Stack: [0x000000cfeee00000,0x000000cfeef00000]
Native frames: (J=compiled Java code, j=interpreted, Vv=VM code, C=native code)
V  [jvm.dll+0x67d2c9]
V  [jvm.dll+0x834afa]
V  [jvm.dll+0x8365be]
V  [jvm.dll+0x836c23]
V  [jvm.dll+0x2477ff]
V  [jvm.dll+0x8307bb]
V  [jvm.dll+0x621d16]
V  [jvm.dll+0x1c183e]
V  [jvm.dll+0x624671]
V  [jvm.dll+0x6226b6]
V  [jvm.dll+0x23d160]
V  [jvm.dll+0x1ec25b]
V  [jvm.dll+0x1e1c01]
V  [jvm.dll+0x5427ce]
V  [jvm.dll+0x7aeb88]
V  [jvm.dll+0x7aec74]
V  [jvm.dll+0x4108f5]
V  [jvm.dll+0x416a79]
C  [java.dll+0x17ec]

Java frames: (J=compiled Java code, j=interpreted, Vv=VM code)
J 1145  java.lang.ClassLoader.defineClass1(Ljava/lang/ClassLoader;Ljava/lang/String;[BIILjava/security/ProtectionDomain;Ljava/lang/String;)Ljava/lang/Class; java.base@17.0.10 (0 bytes) @ 0x00000291c9c6dfdb [0x00000291c9c6df20+0x00000000000000bb]
J 1807 c1 java.lang.ClassLoader.defineClass(Ljava/lang/String;[BIILjava/security/ProtectionDomain;)Ljava/lang/Class; java.base@17.0.10 (43 bytes) @ 0x00000291c23a9754 [0x00000291c23a9400+0x0000000000000354]
J 1894 c1 org.eclipse.osgi.internal.loader.ModuleClassLoader.defineClass(Ljava/lang/String;[BLorg/eclipse/osgi/internal/loader/classpath/ClasspathEntry;)Lorg/eclipse/osgi/internal/loader/ModuleClassLoader$DefineClassResult; (138 bytes) @ 0x00000291c23e962c [0x00000291c23e93c0+0x000000000000026c]
J 2047 c1 org.eclipse.osgi.internal.loader.classpath.ClasspathManager.defineClass(Ljava/lang/String;[BLorg/eclipse/osgi/internal/loader/classpath/ClasspathEntry;Lorg/eclipse/osgi/storage/bundlefile/BundleEntry;Ljava/util/List;)Ljava/lang/Class; (636 bytes) @ 0x00000291c2439034 [0x00000291c2437660+0x00000000000019d4]
J 1851 c1 org.eclipse.osgi.internal.loader.classpath.ClasspathManager.findClassImpl(Ljava/lang/String;Lorg/eclipse/osgi/internal/loader/classpath/ClasspathEntry;Ljava/util/List;)Ljava/lang/Class; (308 bytes) @ 0x00000291c23d3d4c [0x00000291c23d0f60+0x0000000000002dec]
J 1850 c1 org.eclipse.osgi.internal.loader.classpath.ClasspathManager.findLocalClassImpl(Ljava/lang/String;[Lorg/eclipse/osgi/internal/loader/classpath/ClasspathEntry;Ljava/util/List;)Ljava/lang/Class; (55 bytes) @ 0x00000291c23ce14c [0x00000291c23cdfc0+0x000000000000018c]
J 2038 c1 org.eclipse.osgi.internal.loader.classpath.ClasspathManager.findLocalClassImpl(Ljava/lang/String;Ljava/util/List;)Ljava/lang/Class; (132 bytes) @ 0x00000291c24316d4 [0x00000291c24311c0+0x0000000000000514]
J 1841 c1 org.eclipse.osgi.internal.loader.classpath.ClasspathManager.findLocalClass(Ljava/lang/String;)Ljava/lang/Class; (210 bytes) @ 0x00000291c23c0bbc [0x00000291c23bff20+0x0000000000000c9c]
J 1839 c1 org.eclipse.osgi.internal.loader.BundleLoader.findLocalClass(Ljava/lang/String;)Ljava/lang/Class; (152 bytes) @ 0x00000291c23c2eec [0x00000291c23c26a0+0x000000000000084c]
J 1761 c1 org.eclipse.osgi.internal.loader.BundleLoader.findClass0(Ljava/lang/String;ZZ)Ljava/lang/Class; (470 bytes) @ 0x00000291c2392014 [0x00000291c238f920+0x00000000000026f4]
J 1760 c1 org.eclipse.osgi.internal.loader.BundleLoader.findClass(Ljava/lang/String;)Ljava/lang/Class; (8 bytes) @ 0x00000291c238d41c [0x00000291c238d3a0+0x000000000000007c]
J 1763 c1 org.eclipse.osgi.internal.loader.ModuleClassLoader.loadClass(Ljava/lang/String;Z)Ljava/lang/Class; (36 bytes) @ 0x00000291c238de3c [0x00000291c238dc20+0x000000000000021c]
J 821 c1 java.lang.ClassLoader.loadClass(Ljava/lang/String;)Ljava/lang/Class; java.base@17.0.10 (7 bytes) @ 0x00000291c21b90bc [0x00000291c21b8fc0+0x00000000000000fc]
v  ~StubRoutines::call_stub
j  org.eclipse.jdt.internal.core.JavaModelManager$8.optionsChanged(Lorg/eclipse/osgi/service/debug/DebugOptions;)V+140
j  org.eclipse.osgi.internal.debug.FrameworkDebugOptions.addingService(Lorg/osgi/framework/ServiceReference;)Lorg/eclipse/osgi/service/debug/DebugOptionsListener;+16
j  org.eclipse.osgi.internal.debug.FrameworkDebugOptions.addingService(Lorg/osgi/framework/ServiceReference;)Ljava/lang/Object;+5
j  org.osgi.util.tracker.ServiceTracker$Tracked.customizerAdding(Lorg/osgi/framework/ServiceReference;Lorg/osgi/framework/ServiceEvent;)Ljava/lang/Object;+8
j  org.osgi.util.tracker.ServiceTracker$Tracked.customizerAdding(Ljava/lang/Object;Ljava/lang/Object;)Ljava/lang/Object;+9
j  org.osgi.util.tracker.AbstractTracked.trackAdding(Ljava/lang/Object;Ljava/lang/Object;)V+8
j  org.osgi.util.tracker.AbstractTracked.track(Ljava/lang/Object;Ljava/lang/Object;)V+83
j  org.osgi.util.tracker.ServiceTracker$Tracked.serviceChanged(Lorg/osgi/framework/ServiceEvent;)V+67
J 1696 c1 org.eclipse.osgi.internal.serviceregistry.FilteredServiceListener.serviceChanged(Lorg/osgi/framework/ServiceEvent;)V (284 bytes) @ 0x00000291c236c7b4 [0x00000291c236a4e0+0x00000000000022d4]
J 1626 c1 org.eclipse.osgi.internal.framework.BundleContextImpl.dispatchEvent(Ljava/lang/Object;Ljava/lang/Object;ILjava/lang/Object;)V (558 bytes) @ 0x00000291c234eeec [0x00000291c234be20+0x00000000000030cc]
J 1987 c1 org.eclipse.osgi.framework.eventmgr.EventManager.dispatchEvent(Ljava/util/Set;Lorg/eclipse/osgi/framework/eventmgr/EventDispatcher;ILjava/lang/Object;)V (69 bytes) @ 0x00000291c241dff4 [0x00000291c241db20+0x00000000000004d4]
j  org.eclipse.osgi.framework.eventmgr.ListenerQueue.dispatchEventSynchronous(ILjava/lang/Object;)V+67
j  org.eclipse.osgi.internal.serviceregistry.ServiceRegistry.publishServiceEventPrivileged(Lorg/osgi/framework/ServiceEvent;)V+320
j  org.eclipse.osgi.internal.serviceregistry.ServiceRegistry.publishServiceEvent(Lorg/osgi/framework/ServiceEvent;)V+8
j  org.eclipse.osgi.internal.serviceregistry.ServiceRegistrationImpl.register(Ljava/util/Dictionary;)V+128
j  org.eclipse.osgi.internal.serviceregistry.ServiceRegistry.registerService(Lorg/eclipse/osgi/internal/framework/BundleContextImpl;[Ljava/lang/String;Ljava/lang/Object;Ljava/util/Dictionary;)Lorg/eclipse/osgi/internal/serviceregistry/ServiceRegistrationImpl;+298
j  org.eclipse.osgi.internal.framework.BundleContextImpl.registerService([Ljava/lang/String;Ljava/lang/Object;Ljava/util/Dictionary;)Lorg/osgi/framework/ServiceRegistration;+15
j  org.eclipse.osgi.internal.framework.BundleContextImpl.registerService(Ljava/lang/String;Ljava/lang/Object;Ljava/util/Dictionary;)Lorg/osgi/framework/ServiceRegistration;+15
j  org.eclipse.osgi.internal.framework.BundleContextImpl.registerService(Ljava/lang/Class;Ljava/lang/Object;Ljava/util/Dictionary;)Lorg/osgi/framework/ServiceRegistration;+7
j  org.eclipse.jdt.internal.core.JavaModelManager.registerDebugOptionsListener(Lorg/osgi/framework/BundleContext;)V+32
j  org.eclipse.jdt.core.JavaCore.start(Lorg/osgi/framework/BundleContext;)V+6
j  org.eclipse.osgi.internal.framework.BundleContextImpl$2.run()Ljava/lang/Void;+23
j  org.eclipse.osgi.internal.framework.BundleContextImpl$2.run()Ljava/lang/Object;+1
J 930 c1 java.security.AccessController.executePrivileged(Ljava/security/PrivilegedExceptionAction;Ljava/security/AccessControlContext;Ljava/lang/Class;)Ljava/lang/Object; java.base@17.0.10 (65 bytes) @ 0x00000291c21f4c34 [0x00000291c21f4ae0+0x0000000000000154]
j  java.security.AccessController.doPrivileged(Ljava/security/PrivilegedExceptionAction;)Ljava/lang/Object;+9 java.base@17.0.10
j  org.eclipse.osgi.internal.framework.BundleContextImpl.startActivator(Lorg/osgi/framework/BundleActivator;)V+9
j  org.eclipse.osgi.internal.framework.BundleContextImpl.start()V+134
j  org.eclipse.osgi.internal.framework.EquinoxBundle.startWorker0()V+35
j  org.eclipse.osgi.internal.framework.EquinoxBundle$EquinoxModule.startWorker()V+4
j  org.eclipse.osgi.container.Module.doStart([Lorg/eclipse/osgi/container/Module$StartOptions;)Lorg/eclipse/osgi/container/ModuleContainerAdaptor$ModuleEvent;+190
J 2185 c1 org.eclipse.osgi.container.Module.start([Lorg/eclipse/osgi/container/Module$StartOptions;)V (655 bytes) @ 0x00000291c2485fd4 [0x00000291c2483c60+0x0000000000002374]
j  org.eclipse.osgi.framework.util.SecureAction.start(Lorg/eclipse/osgi/container/Module;[Lorg/eclipse/osgi/container/Module$StartOptions;)V+8
J 1843 c1 org.eclipse.osgi.internal.hooks.EclipseLazyStarter.postFindLocalClass(Ljava/lang/String;Ljava/lang/Class;Lorg/eclipse/osgi/internal/loader/classpath/ClasspathManager;)V (394 bytes) @ 0x00000291c23c5e5c [0x00000291c23c4ee0+0x0000000000000f7c]
J 1841 c1 org.eclipse.osgi.internal.loader.classpath.ClasspathManager.findLocalClass(Ljava/lang/String;)Ljava/lang/Class; (210 bytes) @ 0x00000291c23c0ed4 [0x00000291c23bff20+0x0000000000000fb4]
J 1839 c1 org.eclipse.osgi.internal.loader.BundleLoader.findLocalClass(Ljava/lang/String;)Ljava/lang/Class; (152 bytes) @ 0x00000291c23c2eec [0x00000291c23c26a0+0x000000000000084c]
J 2037 c1 org.eclipse.osgi.internal.loader.sources.SingleSourcePackage.loadClass(Ljava/lang/String;)Ljava/lang/Class; (9 bytes) @ 0x00000291c2430dbc [0x00000291c2430cc0+0x00000000000000fc]
J 1761 c1 org.eclipse.osgi.internal.loader.BundleLoader.findClass0(Ljava/lang/String;ZZ)Ljava/lang/Class; (470 bytes) @ 0x00000291c2391f1c [0x00000291c238f920+0x00000000000025fc]
J 1760 c1 org.eclipse.osgi.internal.loader.BundleLoader.findClass(Ljava/lang/String;)Ljava/lang/Class; (8 bytes) @ 0x00000291c238d41c [0x00000291c238d3a0+0x000000000000007c]
J 1763 c1 org.eclipse.osgi.internal.loader.ModuleClassLoader.loadClass(Ljava/lang/String;Z)Ljava/lang/Class; (36 bytes) @ 0x00000291c238de3c [0x00000291c238dc20+0x000000000000021c]
J 821 c1 java.lang.ClassLoader.loadClass(Ljava/lang/String;)Ljava/lang/Class; java.base@17.0.10 (7 bytes) @ 0x00000291c21b90bc [0x00000291c21b8fc0+0x00000000000000fc]
v  ~StubRoutines::call_stub
j  java.lang.Class.getDeclaredConstructors0(Z)[Ljava/lang/reflect/Constructor;+0 java.base@17.0.10
j  java.lang.Class.privateGetDeclaredConstructors(Z)[Ljava/lang/reflect/Constructor;+52 java.base@17.0.10
j  java.lang.Class.getConstructor0([Ljava/lang/Class;I)Ljava/lang/reflect/Constructor;+14 java.base@17.0.10
j  java.lang.Class.getConstructor([Ljava/lang/Class;)Ljava/lang/reflect/Constructor;+24 java.base@17.0.10
j  org.eclipse.osgi.internal.framework.BundleContextImpl.loadBundleActivator()Lorg/osgi/framework/BundleActivator;+105
j  org.eclipse.osgi.internal.framework.BundleContextImpl.start()V+18
j  org.eclipse.osgi.internal.framework.EquinoxBundle.startWorker0()V+35
j  org.eclipse.osgi.internal.framework.EquinoxBundle$EquinoxModule.startWorker()V+4
j  org.eclipse.osgi.container.Module.doStart([Lorg/eclipse/osgi/container/Module$StartOptions;)Lorg/eclipse/osgi/container/ModuleContainerAdaptor$ModuleEvent;+190
j  org.eclipse.osgi.container.Module.start([Lorg/eclipse/osgi/container/Module$StartOptions;)V+460
j  org.eclipse.osgi.container.ModuleContainer$ContainerStartLevel$2.run()V+71
j  org.eclipse.osgi.internal.framework.EquinoxContainerAdaptor$1$1.execute(Ljava/lang/Runnable;)V+1
j  org.eclipse.osgi.container.ModuleContainer$ContainerStartLevel.incStartLevel(ILjava/util/List;Z)V+193
j  org.eclipse.osgi.container.ModuleContainer$ContainerStartLevel.incStartLevel(ILjava/util/List;Ljava/util/List;Ljava/util/List;Ljava/util/List;)V+19
j  org.eclipse.osgi.container.ModuleContainer$ContainerStartLevel.doContainerStartLevel(Lorg/eclipse/osgi/container/Module;I[Lorg/osgi/framework/FrameworkListener;)V+349
j  org.eclipse.osgi.container.ModuleContainer$ContainerStartLevel.dispatchEvent(Lorg/eclipse/osgi/container/Module;[Lorg/osgi/framework/FrameworkListener;ILjava/lang/Integer;)V+32
j  org.eclipse.osgi.container.ModuleContainer$ContainerStartLevel.dispatchEvent(Ljava/lang/Object;Ljava/lang/Object;ILjava/lang/Object;)V+15
j  org.eclipse.osgi.framework.eventmgr.EventManager.dispatchEvent(Ljava/util/Set;Lorg/eclipse/osgi/framework/eventmgr/EventDispatcher;ILjava/lang/Object;)V+48
j  org.eclipse.osgi.framework.eventmgr.EventManager$EventThread.run()V+26
v  ~StubRoutines::call_stub

Compiled method (n/a)    1098 1145     n 0       java.lang.ClassLoader::defineClass1 (native)
 total in heap  [0x00000291c9c6dd90,0x00000291c9c6e1e8] = 1112
 relocation     [0x00000291c9c6dee8,0x00000291c9c6df18] = 48
 main code      [0x00000291c9c6df20,0x00000291c9c6e1e8] = 712

[Constant Pool (empty)]

[MachCode]
[Entry Point]
  # {method} {0x00000291d401de78} 'defineClass1' '(Ljava/lang/ClassLoader;Ljava/lang/String;[BIILjava/security/ProtectionDomain;Ljava/lang/String;)Ljava/lang/Class;' in 'java/lang/ClassLoader'
  # parm0:    rdx:rdx   = 'java/lang/ClassLoader'
  # parm1:    r8:r8     = 'java/lang/String'
  # parm2:    r9:r9     = '[B'
  # parm3:    rdi       = int
  # parm4:    rsi       = int
  # parm5:    rcx:rcx   = 'java/security/ProtectionDomain'
  # parm6:    [sp+0xa0]   = 'java/lang/String'  (sp of caller)
  0x00000291c9c6df20: 448b 5208 | 49c1 e203 | 493b c20f | 8407 0000 

  0x00000291c9c6df30: ;   {runtime_call ic_miss_stub}
  0x00000291c9c6df30: 00e9 4a36 | 89ff 6690 
[Verified Entry Point]
  0x00000291c9c6df38: 8984 2400 | 90ff ff55 | 488b ec48 | 81ec 9000 | 0000 4881 | 7d10 0000 | 0000 488d | 4510 480f 
  0x00000291c9c6df58: 4445 1048 | 8944 2440 | 4889 4c24 | 7048 83f9 | 0048 8d44 | 2470 480f | 4444 2470 | 4889 4424 
  0x00000291c9c6df78: 3848 8974 | 2430 4889 | 7c24 284c | 894c 2458 | 4983 f900 | 488d 4424 | 5848 0f44 | 4424 5848 
  0x00000291c9c6df98: 8944 2420 | 4c89 4424 | 5049 83f8 | 004c 8d4c | 2450 4c0f | 444c 2450 | 4889 5424 | 4848 83fa 
  0x00000291c9c6dfb8: 004c 8d44 | 2448 4c0f | 4444 2448 

  0x00000291c9c6dfc4: ;   {oop(a 'java/lang/Class'{0x00000000c0000620} = 'java/lang/ClassLoader')}
  0x00000291c9c6dfc4: 49be 2006 | 00c0 0000 | 0000 4c89 | 7424 784c | 8d74 2478 | 498b d6c5 

  0x00000291c9c6dfdc: ;   {internal_word}
  0x00000291c9c6dfdc: f877 49ba | dbdf c6c9 | 9102 0000 | 4d89 97a0 | 0200 0049 | 89a7 9802 

  0x00000291c9c6dff4: ;   {external_word}
  0x00000291c9c6dff4: 0000 49ba | 7935 647c | f97f 0000 | 4180 3a00 | 0f84 5200 | 0000 5241 

  0x00000291c9c6e00c: ;   {metadata({method} {0x00000291d401de78} 'defineClass1' '(Ljava/lang/ClassLoader;Ljava/lang/String;[BIILjava/security/ProtectionDomain;Ljava/lang/String;)Ljava/lang/Class;' in 'java/lang/ClassLoader')}
  0x00000291c9c6e00c: 5041 5148 | ba70 de01 | d491 0200 | 0049 8bcf | 4883 ec20 | f7c4 0f00 | 0000 0f84 | 1a00 0000 
  0x00000291c9c6e02c: 4883 ec08 

  0x00000291c9c6e030: ;   {runtime_call}
  0x00000291c9c6e030: 49ba 0030 | 1a7c f97f | 0000 41ff | d248 83c4 | 08e9 0d00 

  0x00000291c9c6e044: ;   {runtime_call}
  0x00000291c9c6e044: 0000 49ba | 0030 1a7c | f97f 0000 | 41ff d248 | 83c4 2041 | 5941 585a | 498d 8fb8 | 0200 0041 
  0x00000291c9c6e064: c787 4803 | 0000 0400 

  0x00000291c9c6e06c: ;   {runtime_call}
  0x00000291c9c6e06c: 0000 49ba | ac16 801f | fa7f 0000 | 41ff d2c5 | f877 41c7 | 8748 0300 | 0005 0000 | 00f0 8344 
  0x00000291c9c6e08c: 24c0 0049 | 3baf 5003 | 0000 0f87 | 1100 0000 | 4181 bf38 | 0300 0000 | 0000 000f | 842c 0000 
  0x00000291c9c6e0ac: 00c5 f877 | 4889 45f8 | 498b cf4c | 8be4 4883 | ec20 4883 

  0x00000291c9c6e0c0: ;   {runtime_call}
  0x00000291c9c6e0c0: e4f0 49ba | 7044 2a7c | f97f 0000 | 41ff d249 | 8be4 4d33 | e448 8b45 | f841 c787 | 4803 0000 
  0x00000291c9c6e0e0: 0800 0000 | 4181 bfb8 | 0300 0002 | 0000 000f | 84c5 0000 

  0x00000291c9c6e0f4: ;   {external_word}
  0x00000291c9c6e0f4: 0049 ba79 | 3564 7cf9 | 7f00 0041 | 803a 000f | 8450 0000 | 0048 8945 

  0x00000291c9c6e10c: ;   {metadata({method} {0x00000291d401de78} 'defineClass1' '(Ljava/lang/ClassLoader;Ljava/lang/String;[BIILjava/security/ProtectionDomain;Ljava/lang/String;)Ljava/lang/Class;' in 'java/lang/ClassLoader')}
  0x00000291c9c6e10c: f848 ba70 | de01 d491 | 0200 0049 | 8bcf 4883 | ec20 f7c4 | 0f00 0000 | 0f84 1a00 | 0000 4883 
  0x00000291c9c6e12c: ;   {runtime_call}
  0x00000291c9c6e12c: ec08 49ba | 0030 1a7c | f97f 0000 | 41ff d248 | 83c4 08e9 | 0d00 0000 

  0x00000291c9c6e144: ;   {runtime_call}
  0x00000291c9c6e144: 49ba 0030 | 1a7c f97f | 0000 41ff | d248 83c4 | 2048 8b45 | f849 c787 | 9802 0000 | 0000 0000 
  0x00000291c9c6e164: 49c7 87a0 | 0200 0000 | 0000 00c5 | f877 4885 | c00f 8419 | 0000 0048 | f7c0 0100 | 0000 0f84 
  0x00000291c9c6e184: 0900 0000 | 488b 40ff | e903 0000 | 0048 8b00 | 498b 8fd8 | 0000 00c7 | 8100 0100 | 0000 0000 
  0x00000291c9c6e1a4: 00c9 4981 | 7f08 0000 | 0000 0f85 | 0100 0000 

  0x00000291c9c6e1b4: ;   {runtime_call StubRoutines (1)}
  0x00000291c9c6e1b4: c3e9 462d | 84ff c5f8 | 7748 8945 | f84c 8be4 | 4883 ec20 | 4883 e4f0 

  0x00000291c9c6e1cc: ;   {runtime_call}
  0x00000291c9c6e1cc: 49ba 8060 | 1a7c f97f | 0000 41ff | d249 8be4 | 4d33 e448 | 8b45 f8e9 | 0dff ffff 
[/MachCode]


Compiled method (c1)    1102 1807       3       java.lang.ClassLoader::defineClass (43 bytes)
 total in heap  [0x00000291c23a9210,0x00000291c23a9b50] = 2368
 relocation     [0x00000291c23a9368,0x00000291c23a9400] = 152
 main code      [0x00000291c23a9400,0x00000291c23a98a0] = 1184
 stub code      [0x00000291c23a98a0,0x00000291c23a9918] = 120
 metadata       [0x00000291c23a9918,0x00000291c23a9948] = 48
 scopes data    [0x00000291c23a9948,0x00000291c23a9a38] = 240
 scopes pcs     [0x00000291c23a9a38,0x00000291c23a9b18] = 224
 dependencies   [0x00000291c23a9b18,0x00000291c23a9b28] = 16
 nul chk table  [0x00000291c23a9b28,0x00000291c23a9b50] = 40

[Constant Pool (empty)]

[MachCode]
[Entry Point]
  # {method} {0x00000291d401dce8} 'defineClass' '(Ljava/lang/String;[BIILjava/security/ProtectionDomain;)Ljava/lang/Class;' in 'java/lang/ClassLoader'
  # this:     rdx:rdx   = 'java/lang/ClassLoader'
  # parm0:    r8:r8     = 'java/lang/String'
  # parm1:    r9:r9     = '[B'
  # parm2:    rdi       = int
  # parm3:    rsi       = int
  # parm4:    rcx:rcx   = 'java/security/ProtectionDomain'
  #           [sp+0xc0]  (sp of caller)
  0x00000291c23a9400: 448b 5208 | 49c1 e203 

  0x00000291c23a9408: ;   {runtime_call ic_miss_stub}
  0x00000291c23a9408: 4c3b d00f | 856f 8115 | 0766 6666 | 0f1f 8400 | 0000 0000 | 6666 6690 
[Verified Entry Point]
  0x00000291c23a9420: 8984 2400 | 90ff ff55 | 4881 ecb0 | 0000 0048 | 8954 2478 

  0x00000291c23a9434: ;   {metadata(method data for {method} {0x00000291d401dce8} 'defineClass' '(Ljava/lang/String;[BIILjava/security/ProtectionDomain;)Ljava/lang/Class;' in 'java/lang/ClassLoader')}
  0x00000291c23a9434: 48bb 588e | b1d4 9102 | 0000 8b83 | cc00 0000 | 83c0 0289 | 83cc 0000 | 0081 e0fe | 0700 0083 
  0x00000291c23a9454: f800 0f84 | 4e03 0000 | 89b4 2494 | 0000 0089 | bc24 9000 | 0000 4c89 | 8c24 8800 | 0000 488b 
  0x00000291c23a9474: ;   {metadata(method data for {method} {0x00000291d401dce8} 'defineClass' '(Ljava/lang/String;[BIILjava/security/ProtectionDomain;)Ljava/lang/Class;' in 'java/lang/ClassLoader')}
  0x00000291c23a9474: da48 b858 | 8eb1 d491 | 0200 0048 | 8380 1001 | 0000 0149 | 8bd8 4c8b | c34c 8bc9 | 488b ca48 
  0x00000291c23a9494: 8bd1 4889 | 9c24 8000 

  0x00000291c23a949c: ;   {optimized virtual_call}
  0x00000291c23a949c: 0000 90e8 

  0x00000291c23a94a0: ; ImmutableOopMap {[120]=Oop [136]=Oop [128]=Oop }
                      ;*invokevirtual preDefineClass {reexecute=0 rethrow=0 return_oop=0}
                      ; - java.lang.ClassLoader::defineClass@4
  0x00000291c23a94a0: 7cbb ebff | 4889 8424 | 9800 0000 | 488b 5424 

  0x00000291c23a94b0: ;   {metadata(method data for {method} {0x00000291d401dce8} 'defineClass' '(Ljava/lang/String;[BIILjava/security/ProtectionDomain;)Ljava/lang/Class;' in 'java/lang/ClassLoader')}
  0x00000291c23a94b0: 7849 b858 | 8eb1 d491 | 0200 0049 | 8380 4801 

  0x00000291c23a94c0: ;   {metadata(method data for {method} {0x00000291d401db70} 'defineClassSourceLocation' '(Ljava/security/ProtectionDomain;)Ljava/lang/String;' in 'java/lang/ClassLoader')}
  0x00000291c23a94c0: 0000 0149 | b8f0 99b1 | d491 0200 | 0041 8b90 | cc00 0000 | 83c2 0241 | 8990 cc00 | 0000 81e2 
  0x00000291c23a94e0: feff 1f00 | 83fa 000f | 84de 0200 | 0048 3b00 

  0x00000291c23a94f0: ;   {metadata(method data for {method} {0x00000291d401db70} 'defineClassSourceLocation' '(Ljava/security/ProtectionDomain;)Ljava/lang/String;' in 'java/lang/ClassLoader')}
  0x00000291c23a94f0: 4c8b c048 | baf0 99b1 | d491 0200 | 0048 8382 | 1001 0000 | 0144 8b40 | 1049 83f8 

  0x00000291c23a950c: ;   {metadata(method data for {method} {0x00000291d401db70} 'defineClassSourceLocation' '(Ljava/security/ProtectionDomain;)Ljava/lang/String;' in 'java/lang/ClassLoader')}
  0x00000291c23a950c: 0048 baf0 | 99b1 d491 | 0200 0048 | be58 0100 | 0000 0000 | 000f 850a | 0000 0048 | be48 0100 
  0x00000291c23a952c: 0000 0000 | 0048 8b3c | 3248 8d7f | 0148 893c | 320f 850f 

  0x00000291c23a9540: ;   {oop(NULL)}
  0x00000291c23a9540: 0000 0048 | bb00 0000 | 0000 0000 | 00e9 ad01 | 0000 493b | 0049 8bd0 

  0x00000291c23a9558: ;   {metadata(method data for {method} {0x00000291d401db70} 'defineClassSourceLocation' '(Ljava/security/ProtectionDomain;)Ljava/lang/String;' in 'java/lang/ClassLoader')}
  0x00000291c23a9558: 48be f099 | b1d4 9102 | 0000 4883 | 8668 0100 | 0001 418b | 500c 4883 

  0x00000291c23a9570: ;   {metadata(method data for {method} {0x00000291d401db70} 'defineClassSourceLocation' '(Ljava/security/ProtectionDomain;)Ljava/lang/String;' in 'java/lang/ClassLoader')}
  0x00000291c23a9570: fa00 48be | f099 b1d4 | 9102 0000 | 48bf b001 | 0000 0000 | 0000 0f85 | 0a00 0000 | 48bf a001 
  0x00000291c23a9590: 0000 0000 | 0000 488b | 1c3e 488d | 5b01 4889 | 1c3e 0f85 | 0f00 0000 

  0x00000291c23a95a8: ;   {oop(NULL)}
  0x00000291c23a95a8: 48bb 0000 | 0000 0000 | 0000 e948 

  0x00000291c23a95b4: ;   {metadata(method data for {method} {0x00000291d401db70} 'defineClassSourceLocation' '(Ljava/security/ProtectionDomain;)Ljava/lang/String;' in 'java/lang/ClassLoader')}
  0x00000291c23a95b4: 0100 0048 | bef0 99b1 | d491 0200 | 0048 8386 | c001 0000 | 0148 3b02 

  0x00000291c23a95cc: ;   {metadata(method data for {method} {0x00000291d401db70} 'defineClassSourceLocation' '(Ljava/security/ProtectionDomain;)Ljava/lang/String;' in 'java/lang/ClassLoader')}
  0x00000291c23a95cc: 4c8b c248 | bef0 99b1 | d491 0200 | 0048 8386 | f801 0000 

  0x00000291c23a95e0: ;   {metadata(method data for {method} {0x00000291d40ba590} 'toString' '()Ljava/lang/String;' in 'java/net/URL')}
  0x00000291c23a95e0: 0149 b868 | 89b1 d491 | 0200 0041 | 8bb0 cc00 | 0000 83c6 | 0241 89b0 | cc00 0000 | 81e6 feff 
  0x00000291c23a9600: 1f00 83fe | 000f 84f0 | 0100 004c 

  0x00000291c23a960c: ;   {metadata(method data for {method} {0x00000291d40ba590} 'toString' '()Ljava/lang/String;' in 'java/net/URL')}
  0x00000291c23a960c: 8bc2 48be | 6889 b1d4 | 9102 0000 | 4883 8610 | 0100 0001 

  0x00000291c23a9620: ;   {metadata(method data for {method} {0x00000291d40ba628} 'toExternalForm' '()Ljava/lang/String;' in 'java/net/URL')}
  0x00000291c23a9620: 49b8 f80d | b1d4 9102 | 0000 418b | b0cc 0000 | 0083 c602 | 4189 b0cc | 0000 0081 | e6fe ff1f 
  0x00000291c23a9640: 0083 fe00 | 0f84 d201 | 0000 8b72 | 3848 3b06 

  0x00000291c23a9650: ;   {metadata(method data for {method} {0x00000291d40ba628} 'toExternalForm' '()Ljava/lang/String;' in 'java/net/URL')}
  0x00000291c23a9650: 4c8b c648 | bff8 0db1 | d491 0200 | 0045 8b40 | 0849 c1e0 | 034c 3b87 | 2001 0000 | 750d 4883 
  0x00000291c23a9670: 8728 0100 | 0001 e966 | 0000 004c | 3b87 3001 | 0000 750d | 4883 8738 | 0100 0001 | e950 0000 
  0x00000291c23a9690: 0048 81bf | 2001 0000 | 0000 0000 | 7517 4c89 | 8720 0100 | 0048 c787 | 2801 0000 | 0100 0000 
  0x00000291c23a96b0: e92c 0000 | 0048 81bf | 3001 0000 | 0000 0000 | 7517 4c89 | 8730 0100 | 0048 c787 | 3801 0000 
  0x00000291c23a96d0: 0100 0000 | e908 0000 | 0048 8387 | 1001 0000 | 014c 8bc2 | 488b d666 | 0f1f 4400 | 0048 b850 
  0x00000291c23a96f0: e607 0001 

  0x00000291c23a96f4: ;   {virtual_call}
  0x00000291c23a96f4: 0000 00e8 

  0x00000291c23a96f8: ; ImmutableOopMap {[120]=Oop [136]=Oop [128]=Oop [152]=Oop }
                      ;*invokevirtual toExternalForm {reexecute=0 rethrow=0 return_oop=0}
                      ; - java.net.URL::toExternalForm@5
                      ; - java.net.URL::toString@1
                      ; - java.lang.ClassLoader::defineClassSourceLocation@22
                      ; - java.lang.ClassLoader::defineClass@12
  0x00000291c23a96f8: 24db e9ff | 488b d848 | 8b84 2498 | 0000 008b | b424 9400 | 0000 8bbc | 2490 0000 | 004c 8b8c 
  0x00000291c23a9718: 2488 0000 | 004c 8b84 | 2480 0000 | 0048 8b54 

  0x00000291c23a9728: ;   {metadata(method data for {method} {0x00000291d401dce8} 'defineClass' '(Ljava/lang/String;[BIILjava/security/ProtectionDomain;)Ljava/lang/Class;' in 'java/lang/ClassLoader')}
  0x00000291c23a9728: 2478 48b9 | 588e b1d4 | 9102 0000 | 4883 8180 | 0100 0001 | 4c8b da49 | 8bd3 488b | c848 891c 
  0x00000291c23a9748: 2466 0f1f 

  0x00000291c23a974c: ;   {static_call}
  0x00000291c23a974c: 4400 00e8 

  0x00000291c23a9750: ; ImmutableOopMap {[152]=Oop [120]=Oop }
                      ;*invokestatic defineClass1 {reexecute=0 rethrow=0 return_oop=0}
                      ; - java.lang.ClassLoader::defineClass@27
  0x00000291c23a9750: e447 8c07 | 488b 5424 

  0x00000291c23a9758: ;   {metadata(method data for {method} {0x00000291d401dce8} 'defineClass' '(Ljava/lang/String;[BIILjava/security/ProtectionDomain;)Ljava/lang/Class;' in 'java/lang/ClassLoader')}
  0x00000291c23a9758: 7849 b858 | 8eb1 d491 | 0200 0049 | 8380 9001 | 0000 014c | 8bc0 4c8b | 8c24 9800 | 0000 488b 
  0x00000291c23a9778: 5424 7848 | 8984 24a0 | 0000 000f 

  0x00000291c23a9784: ;   {optimized virtual_call}
  0x00000291c23a9784: 1f40 00e8 

  0x00000291c23a9788: ; ImmutableOopMap {[160]=Oop }
                      ;*invokevirtual postDefineClass {reexecute=0 rethrow=0 return_oop=0}
                      ; - java.lang.ClassLoader::defineClass@37
  0x00000291c23a9788: 94bd f4ff | 488b 8424 | a000 0000 | 4881 c4b0 | 0000 005d 

  0x00000291c23a979c: ;   {poll_return}
  0x00000291c23a979c: 493b a750 | 0300 000f | 8799 0000 

  0x00000291c23a97a8: ;   {metadata({method} {0x00000291d401dce8} 'defineClass' '(Ljava/lang/String;[BIILjava/security/ProtectionDomain;)Ljava/lang/Class;' in 'java/lang/ClassLoader')}
  0x00000291c23a97a8: 00c3 49ba | e0dc 01d4 | 9102 0000 | 4c89 5424 | 0848 c704 | 24ff ffff 

  0x00000291c23a97c0: ;   {runtime_call counter_overflow Runtime1 stub}
  0x00000291c23a97c0: ffe8 ba0c 

  0x00000291c23a97c4: ; ImmutableOopMap {rdx=Oop [120]=Oop r8=Oop r9=Oop rcx=Oop }
                      ;*synchronization entry
                      ; - java.lang.ClassLoader::defineClass@-1
  0x00000291c23a97c4: 2007 e991 

  0x00000291c23a97c8: ;   {metadata({method} {0x00000291d401db70} 'defineClassSourceLocation' '(Ljava/security/ProtectionDomain;)Ljava/lang/String;' in 'java/lang/ClassLoader')}
  0x00000291c23a97c8: fcff ff49 | ba68 db01 | d491 0200 | 004c 8954 | 2408 48c7 | 0424 ffff 

  0x00000291c23a97e0: ;   {runtime_call counter_overflow Runtime1 stub}
  0x00000291c23a97e0: ffff e899 

  0x00000291c23a97e4: ; ImmutableOopMap {[120]=Oop [136]=Oop [128]=Oop rax=Oop [152]=Oop }
                      ;*synchronization entry
                      ; - java.lang.ClassLoader::defineClassSourceLocation@-1
                      ; - java.lang.ClassLoader::defineClass@12
  0x00000291c23a97e4: 0c20 07e9 | 01fd ffff 

  0x00000291c23a97ec: ;   {runtime_call throw_null_pointer_exception Runtime1 stub}
  0x00000291c23a97ec: e82f aa1f 

  0x00000291c23a97f0: ; ImmutableOopMap {[120]=Oop [136]=Oop [128]=Oop rax=Oop [152]=Oop }
                      ;*invokevirtual getCodeSource {reexecute=0 rethrow=0 return_oop=0}
                      ; - java.lang.ClassLoader::defineClassSourceLocation@1
                      ; - java.lang.ClassLoader::defineClass@12
                      ;   {runtime_call throw_null_pointer_exception Runtime1 stub}
  0x00000291c23a97f0: 07e8 2aaa 

  0x00000291c23a97f4: ; ImmutableOopMap {[120]=Oop [136]=Oop [128]=Oop rax=Oop [152]=Oop r8=Oop }
                      ;*invokevirtual getLocation {reexecute=0 rethrow=0 return_oop=0}
                      ; - java.lang.ClassLoader::defineClassSourceLocation@12
                      ; - java.lang.ClassLoader::defineClass@12
                      ;   {runtime_call throw_null_pointer_exception Runtime1 stub}
  0x00000291c23a97f4: 1f07 e825 

  0x00000291c23a97f8: ; ImmutableOopMap {[120]=Oop [136]=Oop [128]=Oop [152]=Oop rdx=Oop }
                      ;*invokevirtual toString {reexecute=0 rethrow=0 return_oop=0}
                      ; - java.lang.ClassLoader::defineClassSourceLocation@22
                      ; - java.lang.ClassLoader::defineClass@12
                      ;   {metadata({method} {0x00000291d40ba590} 'toString' '()Ljava/lang/String;' in 'java/net/URL')}
  0x00000291c23a97f8: aa1f 0749 | ba88 a50b | d491 0200 | 004c 8954 | 2408 48c7 | 0424 ffff 

  0x00000291c23a9810: ;   {runtime_call counter_overflow Runtime1 stub}
  0x00000291c23a9810: ffff e869 

  0x00000291c23a9814: ; ImmutableOopMap {[120]=Oop [136]=Oop [128]=Oop [152]=Oop rdx=Oop }
                      ;*synchronization entry
                      ; - java.net.URL::toString@-1
                      ; - java.lang.ClassLoader::defineClassSourceLocation@22
                      ; - java.lang.ClassLoader::defineClass@12
  0x00000291c23a9814: 0c20 07e9 | effd ffff 

  0x00000291c23a981c: ;   {metadata({method} {0x00000291d40ba628} 'toExternalForm' '()Ljava/lang/String;' in 'java/net/URL')}
  0x00000291c23a981c: 49ba 20a6 | 0bd4 9102 | 0000 4c89 | 5424 0848 | c704 24ff 

  0x00000291c23a9830: ;   {runtime_call counter_overflow Runtime1 stub}
  0x00000291c23a9830: ffff ffe8 

  0x00000291c23a9834: ; ImmutableOopMap {[120]=Oop [136]=Oop [128]=Oop [152]=Oop rdx=Oop }
                      ;*synchronization entry
                      ; - java.net.URL::toExternalForm@-1
                      ; - java.net.URL::toString@1
                      ; - java.lang.ClassLoader::defineClassSourceLocation@22
                      ; - java.lang.ClassLoader::defineClass@12
  0x00000291c23a9834: 480c 2007 | e90d feff 

  0x00000291c23a983c: ;   {runtime_call throw_null_pointer_exception Runtime1 stub}
  0x00000291c23a983c: ffe8 dea9 

  0x00000291c23a9840: ; ImmutableOopMap {[120]=Oop [136]=Oop [128]=Oop [152]=Oop rdx=Oop rsi=Oop }
                      ;*invokevirtual toExternalForm {reexecute=0 rethrow=0 return_oop=0}
                      ; - java.net.URL::toExternalForm@5
                      ; - java.net.URL::toString@1
                      ; - java.lang.ClassLoader::defineClassSourceLocation@22
                      ; - java.lang.ClassLoader::defineClass@12
                      ;   {internal_word}
  0x00000291c23a9840: 1f07 49ba | 9c97 3ac2 | 9102 0000 | 4d89 9768 

  0x00000291c23a9850: ;   {runtime_call SafepointBlob}
  0x00000291c23a9850: 0300 00e9 | 28f4 1507 | 9090 498b | 87e0 0300 | 0049 c787 | e003 0000 | 0000 0000 | 49c7 87e8 
  0x00000291c23a9870: 0300 0000 | 0000 0048 | 81c4 b000 

  0x00000291c23a987c: ;   {runtime_call unwind_exception Runtime1 stub}
  0x00000291c23a987c: 0000 5de9 | 7cc9 1607 | f4f4 f4f4 | f4f4 f4f4 | f4f4 f4f4 | f4f4 f4f4 | f4f4 f4f4 | f4f4 f4f4 
  0x00000291c23a989c: f4f4 f4f4 
[Stub Code]
  0x00000291c23a98a0: ;   {no_reloc}
  0x00000291c23a98a0: 0f1f 4400 

  0x00000291c23a98a4: ;   {static_stub}
  0x00000291c23a98a4: 0048 bb00 | 0000 0000 

  0x00000291c23a98ac: ;   {runtime_call}
  0x00000291c23a98ac: 0000 00e9 | fbff ffff 

  0x00000291c23a98b4: ;   {static_stub}
  0x00000291c23a98b4: 9048 bb00 | 0000 0000 

  0x00000291c23a98bc: ;   {runtime_call}
  0x00000291c23a98bc: 0000 00e9 | fbff ffff 

  0x00000291c23a98c4: ;   {static_stub}
  0x00000291c23a98c4: 9048 bb00 | 0000 0000 

  0x00000291c23a98cc: ;   {runtime_call}
  0x00000291c23a98cc: 0000 00e9 | fbff ffff 

  0x00000291c23a98d4: ;   {static_stub}
  0x00000291c23a98d4: 9048 bb00 | 0000 0000 

  0x00000291c23a98dc: ;   {runtime_call}
  0x00000291c23a98dc: 0000 00e9 | fbff ffff 
[Exception Handler]
  0x00000291c23a98e4: ;   {runtime_call handle_exception_from_callee Runtime1 stub}
  0x00000291c23a98e4: e817 cf1f 

  0x00000291c23a98e8: ;   {external_word}
  0x00000291c23a98e8: 0748 b940 | 9a3e 7cf9 | 7f00 0048 

  0x00000291c23a98f4: ;   {runtime_call}
  0x00000291c23a98f4: 83e4 f049 | ba60 2d07 | 7cf9 7f00 | 0041 ffd2 

  0x00000291c23a9904: ;   {section_word}
  0x00000291c23a9904: f449 ba05 | 993a c291 | 0200 0041 

  0x00000291c23a9910: ;   {runtime_call DeoptimizationBlob}
  0x00000291c23a9910: 52e9 0a08 | 1607 f4f4 
[/MachCode]


Compiled method (c1)    1109 1894   !   3       org.eclipse.osgi.internal.loader.ModuleClassLoader::defineClass (138 bytes)
 total in heap  [0x00000291c23e9110,0x00000291c23ea8c0] = 6064
 relocation     [0x00000291c23e9268,0x00000291c23e93b0] = 328
 main code      [0x00000291c23e93c0,0x00000291c23ea080] = 3264
 stub code      [0x00000291c23ea080,0x00000291c23ea168] = 232
 oops           [0x00000291c23ea168,0x00000291c23ea170] = 8
 metadata       [0x00000291c23ea170,0x00000291c23ea1c0] = 80
 scopes data    [0x00000291c23ea1c0,0x00000291c23ea480] = 704
 scopes pcs     [0x00000291c23ea480,0x00000291c23ea6a0] = 544
 dependencies   [0x00000291c23ea6a0,0x00000291c23ea6b8] = 24
 handler table  [0x00000291c23ea6b8,0x00000291c23ea868] = 432
 nul chk table  [0x00000291c23ea868,0x00000291c23ea8c0] = 88

[Constant Pool (empty)]

[MachCode]
[Entry Point]
  # {method} {0x00000291d4aae448} 'defineClass' '(Ljava/lang/String;[BLorg/eclipse/osgi/internal/loader/classpath/ClasspathEntry;)Lorg/eclipse/osgi/internal/loader/ModuleClassLoader$DefineClassResult;' in 'org/eclipse/osgi/internal/loader/ModuleClassLoader'
  # this:     rdx:rdx   = 'org/eclipse/osgi/internal/loader/ModuleClassLoader'
  # parm0:    r8:r8     = 'java/lang/String'
  # parm1:    r9:r9     = '[B'
  # parm2:    rdi:rdi   = 'org/eclipse/osgi/internal/loader/classpath/ClasspathEntry'
  #           [sp+0xd0]  (sp of caller)
  0x00000291c23e93c0: 448b 5208 | 49c1 e203 

  0x00000291c23e93c8: ;   {runtime_call ic_miss_stub}
  0x00000291c23e93c8: 4c3b d00f | 85af 8111 | 0766 6666 | 0f1f 8400 | 0000 0000 | 6666 6690 
[Verified Entry Point]
  0x00000291c23e93e0: 8984 2400 | 90ff ff55 | 4881 ecc0 | 0000 0048 | 8954 2458 | 4c89 4c24 | 6848 897c 

  0x00000291c23e93fc: ;   {metadata(method data for {method} {0x00000291d4aae448} 'defineClass' '(Ljava/lang/String;[BLorg/eclipse/osgi/internal/loader/classpath/ClasspathEntry;)Lorg/eclipse/osgi/internal/loader/ModuleClassLoader$DefineClassResult;' in 'org/eclipse/osgi/internal/loader/ModuleClassLoader')}
  0x00000291c23e93fc: 2470 48be | 60da f0d4 | 9102 0000 | 8b9e cc00 | 0000 83c3 | 0289 9ecc | 0000 0081 | e3fe 0700 
  0x00000291c23e941c: 0083 fb00 | 0f84 ec09 | 0000 488b 

  0x00000291c23e9428: ;   {metadata(method data for {method} {0x00000291d4aae448} 'defineClass' '(Ljava/lang/String;[BLorg/eclipse/osgi/internal/loader/classpath/ClasspathEntry;)Lorg/eclipse/osgi/internal/loader/ModuleClassLoader$DefineClassResult;' in 'org/eclipse/osgi/internal/loader/ModuleClassLoader')}
  0x00000291c23e9428: f248 bb60 | daf0 d491 | 0200 0048 | 8383 1001 | 0000 010f | be72 0d83 | e601 83fe 

  0x00000291c23e9444: ;   {metadata(method data for {method} {0x00000291d4aae448} 'defineClass' '(Ljava/lang/String;[BLorg/eclipse/osgi/internal/loader/classpath/ClasspathEntry;)Lorg/eclipse/osgi/internal/loader/ModuleClassLoader$DefineClassResult;' in 'org/eclipse/osgi/internal/loader/ModuleClassLoader')}
  0x00000291c23e9444: 0048 be60 | daf0 d491 | 0200 0048 | bb48 0100 | 0000 0000 | 000f 840a | 0000 0048 | bb58 0100 
  0x00000291c23e9464: 0000 0000 | 0048 8b04 | 1e48 8d40 | 0148 8904 | 1e0f 84b5 | 0300 0048 

  0x00000291c23e947c: ;   {metadata(method data for {method} {0x00000291d4aae448} 'defineClass' '(Ljava/lang/String;[BLorg/eclipse/osgi/internal/loader/classpath/ClasspathEntry;)Lorg/eclipse/osgi/internal/loader/ModuleClassLoader$DefineClassResult;' in 'org/eclipse/osgi/internal/loader/ModuleClassLoader')}
  0x00000291c23e947c: 8bf2 48bb | 60da f0d4 | 9102 0000 | 4883 8368 | 0100 0001 | 498b f04c | 8bc6 488b | da48 8bd3 
  0x00000291c23e949c: 4889 7424 | 6066 0f1f 

  0x00000291c23e94a4: ;   {optimized virtual_call}
  0x00000291c23e94a4: 4400 00e8 

  0x00000291c23e94a8: ; ImmutableOopMap {[88]=Oop [96]=Oop [112]=Oop [104]=Oop }
                      ;*invokespecial lockClassName {reexecute=0 rethrow=0 return_oop=0}
                      ; - org.eclipse.osgi.internal.loader.ModuleClassLoader::defineClass@15 (line 289)
  0x00000291c23e94a8: 5417 0000 | 8944 2478 | 488b 5424 

  0x00000291c23e94b4: ;   {metadata(method data for {method} {0x00000291d4aae448} 'defineClass' '(Ljava/lang/String;[BLorg/eclipse/osgi/internal/loader/classpath/ClasspathEntry;)Lorg/eclipse/osgi/internal/loader/ModuleClassLoader$DefineClassResult;' in 'org/eclipse/osgi/internal/loader/ModuleClassLoader')}
  0x00000291c23e94b4: 5848 be60 | daf0 d491 | 0200 0048 | 8386 7801 

  0x00000291c23e94c4: ;   {metadata(method data for {method} {0x00000291d401e5d8} 'findLoadedClass' '(Ljava/lang/String;)Ljava/lang/Class;' in 'java/lang/ClassLoader')}
  0x00000291c23e94c4: 0000 0148 | ba28 0e7e | d491 0200 | 008b b2cc | 0000 0083 | c602 89b2 | cc00 0000 | 81e6 feff 
  0x00000291c23e94e4: 1f00 83fe | 000f 8444 

  0x00000291c23e94ec: ;   {metadata(method data for {method} {0x00000291d401e5d8} 'findLoadedClass' '(Ljava/lang/String;)Ljava/lang/Class;' in 'java/lang/ClassLoader')}
  0x00000291c23e94ec: 0900 0048 | ba28 0e7e | d491 0200 | 0048 8382 | 1001 0000 | 0148 8b54 

  0x00000291c23e9504: ;   {static_call}
  0x00000291c23e9504: 2460 90e8 

  0x00000291c23e9508: ; ImmutableOopMap {[88]=Oop [96]=Oop [112]=Oop [104]=Oop }
                      ;*invokestatic checkName {reexecute=0 rethrow=0 return_oop=0}
                      ; - java.lang.ClassLoader::findLoadedClass@1
                      ; - org.eclipse.osgi.internal.loader.ModuleClassLoader::defineClass@22 (line 291)
  0x00000291c23e9508: 1464 8e07 

  0x00000291c23e950c: ;   {metadata(method data for {method} {0x00000291d401e5d8} 'findLoadedClass' '(Ljava/lang/String;)Ljava/lang/Class;' in 'java/lang/ClassLoader')}
  0x00000291c23e950c: 83f8 0049 | b828 0e7e | d491 0200 | 0048 ba20 | 0100 0000 | 0000 000f | 850a 0000 | 0048 ba30 
  0x00000291c23e952c: 0100 0000 | 0000 0049 | 8b34 1048 | 8d76 0149 | 8934 100f | 850f 0000 

  0x00000291c23e9544: ;   {oop(NULL)}
  0x00000291c23e9544: 0048 be00 | 0000 0000 | 0000 00e9 | 2b00 0000 | 488b 5424 

  0x00000291c23e9558: ;   {metadata(method data for {method} {0x00000291d401e5d8} 'findLoadedClass' '(Ljava/lang/String;)Ljava/lang/Class;' in 'java/lang/ClassLoader')}
  0x00000291c23e9558: 5849 b828 | 0e7e d491 | 0200 0049 | 8380 4001 | 0000 014c | 8b44 2460 | 488b 5424 

  0x00000291c23e9574: ;   {optimized virtual_call}
  0x00000291c23e9574: 5866 90e8 

  0x00000291c23e9578: ; ImmutableOopMap {[88]=Oop [96]=Oop [112]=Oop [104]=Oop }
                      ;*invokevirtual findLoadedClass0 {reexecute=0 rethrow=0 return_oop=0}
                      ; - java.lang.ClassLoader::findLoadedClass@11
                      ; - org.eclipse.osgi.internal.loader.ModuleClassLoader::defineClass@22 (line 291)
  0x00000291c23e9578: 3cf0 8407 | 488b f048 

  0x00000291c23e9580: ;   {metadata(method data for {method} {0x00000291d4aae448} 'defineClass' '(Ljava/lang/String;[BLorg/eclipse/osgi/internal/loader/classpath/ClasspathEntry;)Lorg/eclipse/osgi/internal/loader/ModuleClassLoader$DefineClassResult;' in 'org/eclipse/osgi/internal/loader/ModuleClassLoader')}
  0x00000291c23e9580: 83fe 0049 | b860 daf0 | d491 0200 | 0049 b9c0 | 0100 0000 | 0000 000f | 840a 0000 | 0049 b9b0 
  0x00000291c23e95a0: 0100 0000 | 0000 004b | 8b3c 0848 | 8d7f 014b | 893c 080f | 840a 0000 | 00bf 0000 | 0000 e982 
  0x00000291c23e95c0: 0000 0048 | 8b7c 2470 | 4c8b 4c24 | 6841 8b71 | 0c48 3b07 

  0x00000291c23e95d4: ;   {metadata(method data for {method} {0x00000291d4aae448} 'defineClass' '(Ljava/lang/String;[BLorg/eclipse/osgi/internal/loader/classpath/ClasspathEntry;)Lorg/eclipse/osgi/internal/loader/ModuleClassLoader$DefineClassResult;' in 'org/eclipse/osgi/internal/loader/ModuleClassLoader')}
  0x00000291c23e95d4: 4c8b c748 | b960 daf0 | d491 0200 

  0x00000291c23e95e0: ;   {metadata('org/eclipse/osgi/internal/loader/classpath/ClasspathEntry')}
  0x00000291c23e95e0: 0049 ba40 | ea12 0001 | 0000 004c | 8991 e001 | 0000 4883 | 81e8 0100 | 0001 8b4f | 1048 8b54 
  0x00000291c23e9600: ;   {metadata(method data for {method} {0x00000291d4aae448} 'defineClass' '(Ljava/lang/String;[BLorg/eclipse/osgi/internal/loader/classpath/ClasspathEntry;)Lorg/eclipse/osgi/internal/loader/ModuleClassLoader$DefineClassResult;' in 'org/eclipse/osgi/internal/loader/ModuleClassLoader')}
  0x00000291c23e9600: 2458 49b8 | 60da f0d4 | 9102 0000 | 4983 8008 | 0200 0001 | 4c8b 4424 | 60bf 0000 | 0000 488b 
  0x00000291c23e9620: 5424 580f 

  0x00000291c23e9624: ;   {optimized virtual_call}
  0x00000291c23e9624: 1f40 00e8 

  0x00000291c23e9628: ; ImmutableOopMap {[88]=Oop [96]=Oop }
                      ;*invokevirtual defineClass {reexecute=0 rethrow=0 return_oop=0}
                      ; - org.eclipse.osgi.internal.loader.ModuleClassLoader::defineClass@42 (line 293)
  0x00000291c23e9628: f4fd fbff 

  0x00000291c23e962c: ;   {metadata(method data for {method} {0x00000291d4aae448} 'defineClass' '(Ljava/lang/String;[BLorg/eclipse/osgi/internal/loader/classpath/ClasspathEntry;)Lorg/eclipse/osgi/internal/loader/ModuleClassLoader$DefineClassResult;' in 'org/eclipse/osgi/internal/loader/ModuleClassLoader')}
  0x00000291c23e962c: 49b8 60da | f0d4 9102 | 0000 41ff | 8040 0200 | 0048 8bf0 | bf01 0000 | 008b 5c24 | 7883 fb00 
  0x00000291c23e964c: ;   {metadata(method data for {method} {0x00000291d4aae448} 'defineClass' '(Ljava/lang/String;[BLorg/eclipse/osgi/internal/loader/classpath/ClasspathEntry;)Lorg/eclipse/osgi/internal/loader/ModuleClassLoader$DefineClassResult;' in 'org/eclipse/osgi/internal/loader/ModuleClassLoader')}
  0x00000291c23e964c: 48b8 60da | f0d4 9102 | 0000 49b8 | 8802 0000 | 0000 0000 | 0f84 0a00 | 0000 49b8 | 9802 0000 
  0x00000291c23e966c: 0000 0000 | 4a8b 1400 | 488d 5201 | 4a89 1400 | 0f84 a705 | 0000 488b | 5424 5848 

  0x00000291c23e9688: ;   {metadata(method data for {method} {0x00000291d4aae448} 'defineClass' '(Ljava/lang/String;[BLorg/eclipse/osgi/internal/loader/classpath/ClasspathEntry;)Lorg/eclipse/osgi/internal/loader/ModuleClassLoader$DefineClassResult;' in 'org/eclipse/osgi/internal/loader/ModuleClassLoader')}
  0x00000291c23e9688: 8bc2 49b8 | 60da f0d4 | 9102 0000 | 4983 80a8 | 0200 0001 

  0x00000291c23e969c: ;   {metadata(method data for {method} {0x00000291d4aaf1a0} 'unlockClassName' '(Ljava/lang/String;)V' in 'org/eclipse/osgi/internal/loader/ModuleClassLoader')}
  0x00000291c23e969c: 48b8 a0e6 | f0d4 9102 | 0000 448b | 80cc 0000 | 0041 83c0 | 0244 8980 | cc00 0000 | 4181 e0fe 
  0x00000291c23e96bc: ff1f 0041 | 83f8 000f | 8495 0700 | 008b 5a50 | 4c8d 8424 | a000 0000 | 4989 5808 

  0x00000291c23e96d8: ; implicit exception: dispatches to 0x00000291c23e9e7f
  0x00000291c23e96d8: 488b 0348 | 83c8 0149 | 8900 f04c | 0fb1 030f | 8413 0000 | 0048 2bc4 | 4881 e007 | f0ff ff49 
  0x00000291c23e96f8: 8900 0f85 | 8407 0000 | 4889 9c24 | 8800 0000 | 4889 b424 | 8000 0000 | 897c 247c | 8b42 5048 
  0x00000291c23e9718: 3b00 4c8b 

  0x00000291c23e971c: ;   {metadata(method data for {method} {0x00000291d4aaf1a0} 'unlockClassName' '(Ljava/lang/String;)V' in 'org/eclipse/osgi/internal/loader/ModuleClassLoader')}
  0x00000291c23e971c: c048 b9a0 | e6f0 d491 | 0200 0045 | 8b40 0849 | c1e0 034c | 3b81 2001 | 0000 750d | 4883 8128 
  0x00000291c23e973c: 0100 0001 | e966 0000 | 004c 3b81 | 3001 0000 | 750d 4883 | 8138 0100 | 0001 e950 | 0000 0048 
  0x00000291c23e975c: 81b9 2001 | 0000 0000 | 0000 7517 | 4c89 8120 | 0100 0048 | c781 2801 | 0000 0100 | 0000 e92c 
  0x00000291c23e977c: 0000 0048 | 81b9 3001 | 0000 0000 | 0000 7517 | 4c89 8130 | 0100 0048 | c781 3801 | 0000 0100 
  0x00000291c23e979c: 0000 e908 | 0000 0048 | 8381 1001 | 0000 014c | 8b44 2460 | 488b d066 | 9048 b848 | f305 0001 
  0x00000291c23e97bc: ;   {virtual_call}
  0x00000291c23e97bc: 0000 00e8 

  0x00000291c23e97c0: ; ImmutableOopMap {[128]=Oop [136]=Oop [88]=Oop [168]=Oop }
                      ;*invokeinterface remove {reexecute=0 rethrow=0 return_oop=0}
                      ; - org.eclipse.osgi.internal.loader.ModuleClassLoader::unlockClassName@12 (line 463)
                      ; - org.eclipse.osgi.internal.loader.ModuleClassLoader::defineClass@75 (line 298)
  0x00000291c23e97c0: 9c2b e3ff | 488b 5424 | 588b 5250 

  0x00000291c23e97cc: ; implicit exception: dispatches to 0x00000291c23e9e9c
  0x00000291c23e97cc: 483b 0248 

  0x00000291c23e97d0: ;   {metadata(method data for {method} {0x00000291d4aaf1a0} 'unlockClassName' '(Ljava/lang/String;)V' in 'org/eclipse/osgi/internal/loader/ModuleClassLoader')}
  0x00000291c23e97d0: 8bf2 48bf | a0e6 f0d4 | 9102 0000 | 4883 8748 | 0100 0001 

  0x00000291c23e97e4: ;   {optimized virtual_call}
  0x00000291c23e97e4: 6666 90e8 

  0x00000291c23e97e8: ; ImmutableOopMap {[128]=Oop [136]=Oop [168]=Oop }
                      ;*invokevirtual notifyAll {reexecute=0 rethrow=0 return_oop=0}
                      ; - org.eclipse.osgi.internal.loader.ModuleClassLoader::unlockClassName@22 (line 464)
                      ; - org.eclipse.osgi.internal.loader.ModuleClassLoader::defineClass@75 (line 298)
  0x00000291c23e97e8: ccb9 8c07 | 488d 8424 | a000 0000 | 488b 1048 | 85d2 0f84 | 0f00 0000 | 488b 7008 | f048 0fb1 
  0x00000291c23e9808: 160f 8592 

  0x00000291c23e980c: ;   {metadata(method data for {method} {0x00000291d4aaf1a0} 'unlockClassName' '(Ljava/lang/String;)V' in 'org/eclipse/osgi/internal/loader/ModuleClassLoader')}
  0x00000291c23e980c: 0600 0048 | b8a0 e6f0 | d491 0200 | 00ff 8080 | 0100 0048 | 8bb4 2480 | 0000 008b | 7c24 7ce9 
  0x00000291c23e982c: e903 0000 | 4c89 4424 | 6048 8db4 | 24a0 0000 | 0048 8956 | 0848 8b02 | 4883 c801 | 4889 06f0 
  0x00000291c23e984c: 480f b132 | 0f84 1300 | 0000 482b | c448 81e0 | 07f0 ffff | 4889 060f | 854e 0600 | 0048 8bf2 
  0x00000291c23e986c: ;   {metadata(method data for {method} {0x00000291d4aae448} 'defineClass' '(Ljava/lang/String;[BLorg/eclipse/osgi/internal/loader/classpath/ClasspathEntry;)Lorg/eclipse/osgi/internal/loader/ModuleClassLoader$DefineClassResult;' in 'org/eclipse/osgi/internal/loader/ModuleClassLoader')}
  0x00000291c23e986c: 48bb 60da | f0d4 9102 | 0000 4883 | 83d0 0200 

  0x00000291c23e987c: ;   {metadata(method data for {method} {0x00000291d401e5d8} 'findLoadedClass' '(Ljava/lang/String;)Ljava/lang/Class;' in 'java/lang/ClassLoader')}
  0x00000291c23e987c: 0001 48be | 280e 7ed4 | 9102 0000 | 8b9e cc00 | 0000 83c3 | 0289 9ecc | 0000 0081 | e3fe ff1f 
  0x00000291c23e989c: 0083 fb00 | 0f84 2406 

  0x00000291c23e98a4: ;   {metadata(method data for {method} {0x00000291d401e5d8} 'findLoadedClass' '(Ljava/lang/String;)Ljava/lang/Class;' in 'java/lang/ClassLoader')}
  0x00000291c23e98a4: 0000 48be | 280e 7ed4 | 9102 0000 | 4883 8610 | 0100 0001 | 488b 5424 

  0x00000291c23e98bc: ;   {static_call}
  0x00000291c23e98bc: 6066 90e8 

  0x00000291c23e98c0: ; ImmutableOopMap {[96]=Oop [104]=Oop [112]=Oop [88]=Oop [168]=Oop }
                      ;*invokestatic checkName {reexecute=0 rethrow=0 return_oop=0}
                      ; - java.lang.ClassLoader::findLoadedClass@1
                      ; - org.eclipse.osgi.internal.loader.ModuleClassLoader::defineClass@88 (line 304)
  0x00000291c23e98c0: 3c8d 1107 

  0x00000291c23e98c4: ;   {metadata(method data for {method} {0x00000291d401e5d8} 'findLoadedClass' '(Ljava/lang/String;)Ljava/lang/Class;' in 'java/lang/ClassLoader')}
  0x00000291c23e98c4: 83f8 0049 | b828 0e7e | d491 0200 | 0048 ba20 | 0100 0000 | 0000 000f | 850a 0000 | 0048 ba30 
  0x00000291c23e98e4: 0100 0000 | 0000 0049 | 8b34 1048 | 8d76 0149 | 8934 100f | 850f 0000 

  0x00000291c23e98fc: ;   {oop(NULL)}
  0x00000291c23e98fc: 0048 be00 | 0000 0000 | 0000 00e9 | 2b00 0000 | 488b 5424 

  0x00000291c23e9910: ;   {metadata(method data for {method} {0x00000291d401e5d8} 'findLoadedClass' '(Ljava/lang/String;)Ljava/lang/Class;' in 'java/lang/ClassLoader')}
  0x00000291c23e9910: 5849 b828 | 0e7e d491 | 0200 0049 | 8380 4001 | 0000 014c | 8b44 2460 | 488b 5424 

  0x00000291c23e992c: ;   {optimized virtual_call}
  0x00000291c23e992c: 5866 90e8 

  0x00000291c23e9930: ; ImmutableOopMap {[96]=Oop [104]=Oop [112]=Oop [88]=Oop [168]=Oop }
                      ;*invokevirtual findLoadedClass0 {reexecute=0 rethrow=0 return_oop=0}
                      ; - java.lang.ClassLoader::findLoadedClass@11
                      ; - org.eclipse.osgi.internal.loader.ModuleClassLoader::defineClass@88 (line 304)
  0x00000291c23e9930: cc81 1107 | 488b f048 

  0x00000291c23e9938: ;   {metadata(method data for {method} {0x00000291d4aae448} 'defineClass' '(Ljava/lang/String;[BLorg/eclipse/osgi/internal/loader/classpath/ClasspathEntry;)Lorg/eclipse/osgi/internal/loader/ModuleClassLoader$DefineClassResult;' in 'org/eclipse/osgi/internal/loader/ModuleClassLoader')}
  0x00000291c23e9938: 83fe 0049 | b860 daf0 | d491 0200 | 0049 b918 | 0300 0000 | 0000 000f | 840a 0000 | 0049 b908 
  0x00000291c23e9958: 0300 0000 | 0000 004b | 8b3c 0848 | 8d7f 014b | 893c 080f | 840a 0000 | 00bf 0000 | 0000 e971 
  0x00000291c23e9978: 0000 0048 | 8b7c 2470 | 4c8b 4c24 | 6841 8b71 | 0c48 3b07 

  0x00000291c23e998c: ;   {metadata(method data for {method} {0x00000291d4aae448} 'defineClass' '(Ljava/lang/String;[BLorg/eclipse/osgi/internal/loader/classpath/ClasspathEntry;)Lorg/eclipse/osgi/internal/loader/ModuleClassLoader$DefineClassResult;' in 'org/eclipse/osgi/internal/loader/ModuleClassLoader')}
  0x00000291c23e998c: 4c8b c748 | b960 daf0 | d491 0200 

  0x00000291c23e9998: ;   {metadata('org/eclipse/osgi/internal/loader/classpath/ClasspathEntry')}
  0x00000291c23e9998: 0049 ba40 | ea12 0001 | 0000 004c | 8991 3803 | 0000 4883 | 8140 0300 | 0001 8b4f | 1048 8b54 
  0x00000291c23e99b8: ;   {metadata(method data for {method} {0x00000291d4aae448} 'defineClass' '(Ljava/lang/String;[BLorg/eclipse/osgi/internal/loader/classpath/ClasspathEntry;)Lorg/eclipse/osgi/internal/loader/ModuleClassLoader$DefineClassResult;' in 'org/eclipse/osgi/internal/loader/ModuleClassLoader')}
  0x00000291c23e99b8: 2458 49b8 | 60da f0d4 | 9102 0000 | 4983 8060 | 0300 0001 | 4c8b 4424 | 60bf 0000 | 0000 488b 
  0x00000291c23e99d8: 5424 580f 

  0x00000291c23e99dc: ;   {optimized virtual_call}
  0x00000291c23e99dc: 1f40 00e8 

  0x00000291c23e99e0: ; ImmutableOopMap {[88]=Oop [168]=Oop }
                      ;*invokevirtual defineClass {reexecute=0 rethrow=0 return_oop=0}
                      ; - org.eclipse.osgi.internal.loader.ModuleClassLoader::defineClass@108 (line 306)
  0x00000291c23e99e0: 1c81 1107 | 488b f0bf | 0100 0000 | 488d 8424 | a000 0000 | 4c8b 004d | 85c0 0f84 | 0f00 0000 
  0x00000291c23e9a00: 488b 5008 | f04c 0fb1 | 020f 85e6 | 0400 00e9 | f001 0000 | 498b 87e0 | 0300 004d | 33d2 4d89 
  0x00000291c23e9a20: 97e0 0300 | 004d 33d2 | 4d89 97e8 | 0300 0083 

  0x00000291c23e9a30: ;   {metadata(method data for {method} {0x00000291d4aae448} 'defineClass' '(Ljava/lang/String;[BLorg/eclipse/osgi/internal/loader/classpath/ClasspathEntry;)Lorg/eclipse/osgi/internal/loader/ModuleClassLoader$DefineClassResult;' in 'org/eclipse/osgi/internal/loader/ModuleClassLoader')}
  0x00000291c23e9a30: fb00 49b8 | 60da f0d4 | 9102 0000 | 48ba 5802 | 0000 0000 | 0000 0f84 | 0a00 0000 | 48ba 6802 
  0x00000291c23e9a50: 0000 0000 | 0000 498b | 3410 488d | 7601 4989 | 3410 0f84 | ca02 0000 | 4889 8424 | 9000 0000 
  0x00000291c23e9a70: 488b 5424 | 584c 8bc2 

  0x00000291c23e9a78: ;   {metadata(method data for {method} {0x00000291d4aae448} 'defineClass' '(Ljava/lang/String;[BLorg/eclipse/osgi/internal/loader/classpath/ClasspathEntry;)Lorg/eclipse/osgi/internal/loader/ModuleClassLoader$DefineClassResult;' in 'org/eclipse/osgi/internal/loader/ModuleClassLoader')}
  0x00000291c23e9a78: 48be 60da | f0d4 9102 | 0000 4883 | 8678 0200 

  0x00000291c23e9a88: ;   {metadata(method data for {method} {0x00000291d4aaf1a0} 'unlockClassName' '(Ljava/lang/String;)V' in 'org/eclipse/osgi/internal/loader/ModuleClassLoader')}
  0x00000291c23e9a88: 0001 49b8 | a0e6 f0d4 | 9102 0000 | 418b b0cc | 0000 0083 | c602 4189 | b0cc 0000 | 0081 e6fe 
  0x00000291c23e9aa8: ff1f 0083 | fe00 0f84 | 5704 0000 | 8b72 504c | 8d84 24a0 | 0000 0049 | 8970 0848 | 8b06 4883 
  0x00000291c23e9ac8: c801 4989 | 00f0 4c0f | b106 0f84 | 1300 0000 | 482b c448 | 81e0 07f0 | ffff 4989 | 000f 8546 
  0x00000291c23e9ae8: 0400 0048 | 89b4 2498 | 0000 004c | 8b44 2460 | 8b7a 5048 | 3b07 488b 

  0x00000291c23e9b00: ;   {metadata(method data for {method} {0x00000291d4aaf1a0} 'unlockClassName' '(Ljava/lang/String;)V' in 'org/eclipse/osgi/internal/loader/ModuleClassLoader')}
  0x00000291c23e9b00: df48 b9a0 | e6f0 d491 | 0200 008b | 5b08 48c1 | e303 483b | 9920 0100 | 0075 0d48 | 8381 2801 
  0x00000291c23e9b20: 0000 01e9 | 6600 0000 | 483b 9930 | 0100 0075 | 0d48 8381 | 3801 0000 | 01e9 5000 | 0000 4881 
  0x00000291c23e9b40: b920 0100 | 0000 0000 | 0075 1748 | 8999 2001 | 0000 48c7 | 8128 0100 | 0001 0000 | 00e9 2c00 
  0x00000291c23e9b60: 0000 4881 | b930 0100 | 0000 0000 | 0075 1748 | 8999 3001 | 0000 48c7 | 8138 0100 | 0001 0000 
  0x00000291c23e9b80: 00e9 0800 | 0000 4883 | 8110 0100 | 0001 488b | d70f 1f40 | 0048 b8ff | ffff ffff 

  0x00000291c23e9b9c: ;   {virtual_call}
  0x00000291c23e9b9c: ffff ffe8 

  0x00000291c23e9ba0: ; ImmutableOopMap {[152]=Oop [144]=Oop [88]=Oop [168]=Oop }
                      ;*invokeinterface remove {reexecute=0 rethrow=0 return_oop=0}
                      ; - org.eclipse.osgi.internal.loader.ModuleClassLoader::unlockClassName@12 (line 463)
                      ; - org.eclipse.osgi.internal.loader.ModuleClassLoader::defineClass@62 (line 298)
  0x00000291c23e9ba0: dc84 1107 | 488b 5424 | 588b 5250 

  0x00000291c23e9bac: ; implicit exception: dispatches to 0x00000291c23e9f49
  0x00000291c23e9bac: 483b 0248 

  0x00000291c23e9bb0: ;   {metadata(method data for {method} {0x00000291d4aaf1a0} 'unlockClassName' '(Ljava/lang/String;)V' in 'org/eclipse/osgi/internal/loader/ModuleClassLoader')}
  0x00000291c23e9bb0: 8bf2 48bf | a0e6 f0d4 | 9102 0000 | 4883 8748 | 0100 0001 

  0x00000291c23e9bc4: ;   {optimized virtual_call}
  0x00000291c23e9bc4: 6666 90e8 

  0x00000291c23e9bc8: ; ImmutableOopMap {[152]=Oop [144]=Oop [168]=Oop }
                      ;*invokevirtual notifyAll {reexecute=0 rethrow=0 return_oop=0}
                      ; - org.eclipse.osgi.internal.loader.ModuleClassLoader::unlockClassName@22 (line 464)
                      ; - org.eclipse.osgi.internal.loader.ModuleClassLoader::defineClass@62 (line 298)
  0x00000291c23e9bc8: 347f 1107 | 488d 8424 | a000 0000 | 488b 1048 | 85d2 0f84 | 0f00 0000 | 488b 7008 | f048 0fb1 
  0x00000291c23e9be8: 160f 855f 

  0x00000291c23e9bec: ;   {metadata(method data for {method} {0x00000291d4aaf1a0} 'unlockClassName' '(Ljava/lang/String;)V' in 'org/eclipse/osgi/internal/loader/ModuleClassLoader')}
  0x00000291c23e9bec: 0300 0048 | baa0 e6f0 | d491 0200 | 00ff 8280 | 0100 00e9 | 2601 0000 

  0x00000291c23e9c04: ;   {metadata(method data for {method} {0x00000291d4aae448} 'defineClass' '(Ljava/lang/String;[BLorg/eclipse/osgi/internal/loader/classpath/ClasspathEntry;)Lorg/eclipse/osgi/internal/loader/ModuleClassLoader$DefineClassResult;' in 'org/eclipse/osgi/internal/loader/ModuleClassLoader')}
  0x00000291c23e9c04: 48ba 60da | f0d4 9102 | 0000 ff82 | 9803 0000 | e910 0000 

  0x00000291c23e9c18: ;   {metadata(method data for {method} {0x00000291d4aae448} 'defineClass' '(Ljava/lang/String;[BLorg/eclipse/osgi/internal/loader/classpath/ClasspathEntry;)Lorg/eclipse/osgi/internal/loader/ModuleClassLoader$DefineClassResult;' in 'org/eclipse/osgi/internal/loader/ModuleClassLoader')}
  0x00000291c23e9c18: 0048 ba60 | daf0 d491 | 0200 00ff | 82b8 0200 | 0048 8bde 

  0x00000291c23e9c2c: ;   {metadata('org/eclipse/osgi/internal/loader/ModuleClassLoader$DefineClassResult')}
  0x00000291c23e9c2c: 4c8b c748 | bae0 1818 | 0001 0000 | 0049 8b87 | 0801 0000 | 488d 7818 | 493b bf18 | 0100 000f 
  0x00000291c23e9c4c: 8713 0300 | 0049 89bf | 0801 0000 | 48c7 0001 | 0000 0048 | 8bca 48c1 | e903 8948 | 0848 33c9 
  0x00000291c23e9c6c: 8948 0c48 | 33c9 4889 | 4810 488b 

  0x00000291c23e9c78: ;   {metadata(method data for {method} {0x00000291d4aae448} 'defineClass' '(Ljava/lang/String;[BLorg/eclipse/osgi/internal/loader/classpath/ClasspathEntry;)Lorg/eclipse/osgi/internal/loader/ModuleClassLoader$DefineClassResult;' in 'org/eclipse/osgi/internal/loader/ModuleClassLoader')}
  0x00000291c23e9c78: f048 bf60 | daf0 d491 | 0200 0048 | 8387 b003 

  0x00000291c23e9c88: ;   {metadata(method data for {method} {0x00000291d4cc4218} '<init>' '(Ljava/lang/Class;Z)V' in 'org/eclipse/osgi/internal/loader/ModuleClassLoader$DefineClassResult')}
  0x00000291c23e9c88: 0000 0148 | be80 e8f0 | d491 0200 | 008b becc | 0000 0083 | c702 89be | cc00 0000 | 81e7 feff 
  0x00000291c23e9ca8: 1f00 83ff | 000f 84be | 0200 0048 

  0x00000291c23e9cb4: ;   {metadata(method data for {method} {0x00000291d4cc4218} '<init>' '(Ljava/lang/Class;Z)V' in 'org/eclipse/osgi/internal/loader/ModuleClassLoader$DefineClassResult')}
  0x00000291c23e9cb4: 8bf0 48bf | 80e8 f0d4 | 9102 0000 | 4883 8710 | 0100 0001 

  0x00000291c23e9cc8: ;   {metadata(method data for {method} {0x00000291d4000488} '<init>' '()V' in 'java/lang/Object')}
  0x00000291c23e9cc8: 48be 08c1 | 1ed4 9102 | 0000 8bbe | cc00 0000 | 83c7 0289 | becc 0000 | 0081 e7fe | ff1f 0083 
  0x00000291c23e9ce8: ff00 0f84 | a202 0000 | 4c8b d344 | 8950 1048 | 8bf0 48c1 | ee09 48bf | 0000 76be | 9102 0000 
  0x00000291c23e9d08: c604 3e00 | 4183 e001 | 4488 400c | 4881 c4c0 | 0000 005d 

  0x00000291c23e9d1c: ;   {poll_return}
  0x00000291c23e9d1c: 493b a750 | 0300 000f | 878a 0200 | 00c3 488b | 8424 9000 | 0000 e920 | 0300 0049 | 8b87 e003 
  0x00000291c23e9d3c: 0000 4d33 | d24d 8997 | e003 0000 | 4d33 d24d | 8997 e803 | 0000 488b | f048 8d84 | 24a0 0000 
  0x00000291c23e9d5c: 0048 8b38 | 4885 ff0f | 840f 0000 | 0048 8b58 | 08f0 480f | b13b 0f85 | 5102 0000 | 488b c6e9 
  0x00000291c23e9d7c: d702 0000 | 498b 87e0 | 0300 004d | 33d2 4d89 | 97e0 0300 | 004d 33d2 | 4d89 97e8 | 0300 0048 
  0x00000291c23e9d9c: 8bf0 488d | 8424 a000 | 0000 488b | 3848 85ff | 0f84 0f00 | 0000 488b | 5808 f048 | 0fb1 3b0f 
  0x00000291c23e9dbc: 851e 0200 | 0048 8bc6 | e98e 0200 | 0049 8b87 | e003 0000 | 4d33 d24d | 8997 e003 | 0000 4d33 
  0x00000291c23e9ddc: d24d 8997 | e803 0000 | 488b f048 | 8d84 24a0 | 0000 0048 | 8b38 4885 | ff0f 840f | 0000 0048 
  0x00000291c23e9dfc: 8b58 08f0 | 480f b13b | 0f85 eb01 | 0000 488b | c6e9 4502 

  0x00000291c23e9e10: ;   {metadata({method} {0x00000291d4aae448} 'defineClass' '(Ljava/lang/String;[BLorg/eclipse/osgi/internal/loader/classpath/ClasspathEntry;)Lorg/eclipse/osgi/internal/loader/ModuleClassLoader$DefineClassResult;' in 'org/eclipse/osgi/internal/loader/ModuleClassLoader')}
  0x00000291c23e9e10: 0000 49ba | 40e4 aad4 | 9102 0000 | 4c89 5424 | 0848 c704 | 24ff ffff 

  0x00000291c23e9e28: ;   {runtime_call counter_overflow Runtime1 stub}
  0x00000291c23e9e28: ffe8 5206 

  0x00000291c23e9e2c: ; ImmutableOopMap {rdx=Oop [88]=Oop r8=Oop r9=Oop [104]=Oop rdi=Oop [112]=Oop }
                      ;*synchronization entry
                      ; - org.eclipse.osgi.internal.loader.ModuleClassLoader::defineClass@-1 (line 285)
  0x00000291c23e9e2c: 1c07 e9f3 

  0x00000291c23e9e30: ;   {metadata({method} {0x00000291d401e5d8} 'findLoadedClass' '(Ljava/lang/String;)Ljava/lang/Class;' in 'java/lang/ClassLoader')}
  0x00000291c23e9e30: f5ff ff49 | bad0 e501 | d491 0200 | 004c 8954 | 2408 48c7 | 0424 ffff 

  0x00000291c23e9e48: ;   {runtime_call counter_overflow Runtime1 stub}
  0x00000291c23e9e48: ffff e831 

  0x00000291c23e9e4c: ; ImmutableOopMap {[88]=Oop [96]=Oop [112]=Oop [104]=Oop }
                      ;*synchronization entry
                      ; - java.lang.ClassLoader::findLoadedClass@-1
                      ; - org.eclipse.osgi.internal.loader.ModuleClassLoader::defineClass@22 (line 291)
  0x00000291c23e9e4c: 061c 07e9 | 9bf6 ffff 

  0x00000291c23e9e54: ;   {runtime_call throw_null_pointer_exception Runtime1 stub}
  0x00000291c23e9e54: e8c7 a31b 

  0x00000291c23e9e58: ; ImmutableOopMap {[88]=Oop [96]=Oop rdi=Oop [112]=Oop r9=Oop [104]=Oop }
                      ;*arraylength {reexecute=0 rethrow=0 return_oop=0}
                      ; - org.eclipse.osgi.internal.loader.ModuleClassLoader::defineClass@37 (line 293)
                      ;   {runtime_call throw_null_pointer_exception Runtime1 stub}
  0x00000291c23e9e58: 07e8 c2a3 

  0x00000291c23e9e5c: ; ImmutableOopMap {[88]=Oop [96]=Oop rdi=Oop [112]=Oop r9=Oop [104]=Oop }
                      ;*invokevirtual getDomain {reexecute=0 rethrow=0 return_oop=0}
                      ; - org.eclipse.osgi.internal.loader.ModuleClassLoader::defineClass@39 (line 293)
                      ;   {metadata({method} {0x00000291d4aaf1a0} 'unlockClassName' '(Ljava/lang/String;)V' in 'org/eclipse/osgi/internal/loader/ModuleClassLoader')}
  0x00000291c23e9e5c: 1b07 49ba | 98f1 aad4 | 9102 0000 | 4c89 5424 | 0848 c704 | 24ff ffff 

  0x00000291c23e9e74: ;   {runtime_call counter_overflow Runtime1 stub}
  0x00000291c23e9e74: ffe8 0606 

  0x00000291c23e9e78: ; ImmutableOopMap {rdx=Oop [88]=Oop [96]=Oop rsi=Oop }
                      ;*synchronization entry
                      ; - org.eclipse.osgi.internal.loader.ModuleClassLoader::unlockClassName@-1 (line 462)
                      ; - org.eclipse.osgi.internal.loader.ModuleClassLoader::defineClass@75 (line 298)
  0x00000291c23e9e78: 1c07 e94a 

  0x00000291c23e9e7c: ;   {runtime_call throw_null_pointer_exception Runtime1 stub}
  0x00000291c23e9e7c: f8ff ffe8 

  0x00000291c23e9e80: ; ImmutableOopMap {rdx=Oop [88]=Oop [96]=Oop rsi=Oop rbx=Oop }
                      ;*monitorenter {reexecute=0 rethrow=0 return_oop=0}
                      ; - org.eclipse.osgi.internal.loader.ModuleClassLoader::unlockClassName@6 (line 462)
                      ; - org.eclipse.osgi.internal.loader.ModuleClassLoader::defineClass@75 (line 298)
  0x00000291c23e9e80: 9ca3 1b07 | 4889 5c24 | 084c 8904 

  0x00000291c23e9e8c: ;   {runtime_call monitorenter_nofpu Runtime1 stub}
  0x00000291c23e9e8c: 24e8 eedb 

  0x00000291c23e9e90: ; ImmutableOopMap {rdx=Oop [88]=Oop [96]=Oop rsi=Oop rbx=Oop [168]=Oop }
                      ;*monitorenter {reexecute=0 rethrow=0 return_oop=0}
                      ; - org.eclipse.osgi.internal.loader.ModuleClassLoader::unlockClassName@6 (line 462)
                      ; - org.eclipse.osgi.internal.loader.ModuleClassLoader::defineClass@75 (line 298)
  0x00000291c23e9e90: 1b07 e969 

  0x00000291c23e9e94: ;   {runtime_call throw_null_pointer_exception Runtime1 stub}
  0x00000291c23e9e94: f8ff ffe8 

  0x00000291c23e9e98: ; ImmutableOopMap {rdx=Oop [88]=Oop [96]=Oop [136]=Oop [128]=Oop rax=Oop [168]=Oop }
                      ;*invokeinterface remove {reexecute=0 rethrow=0 return_oop=0}
                      ; - org.eclipse.osgi.internal.loader.ModuleClassLoader::unlockClassName@12 (line 463)
                      ; - org.eclipse.osgi.internal.loader.ModuleClassLoader::defineClass@75 (line 298)
  0x00000291c23e9e98: 84a3 1b07 

  0x00000291c23e9e9c: ;   {runtime_call throw_null_pointer_exception Runtime1 stub}
  0x00000291c23e9e9c: e87f a31b 

  0x00000291c23e9ea0: ; ImmutableOopMap {[128]=Oop [136]=Oop rdx=Oop [168]=Oop }
                      ;*invokevirtual notifyAll {reexecute=0 rethrow=0 return_oop=0}
                      ; - org.eclipse.osgi.internal.loader.ModuleClassLoader::unlockClassName@22 (line 464)
                      ; - org.eclipse.osgi.internal.loader.ModuleClassLoader::defineClass@75 (line 298)
  0x00000291c23e9ea0: 0748 8d84 | 24a0 0000 | 0048 8904 

  0x00000291c23e9eac: ;   {runtime_call monitorexit_nofpu Runtime1 stub}
  0x00000291c23e9eac: 24e8 4ee2 | 1b07 e958 | f9ff ff48 | 8954 2408 | 4889 3424 

  0x00000291c23e9ec0: ;   {runtime_call monitorenter_nofpu Runtime1 stub}
  0x00000291c23e9ec0: e8bb db1b 

  0x00000291c23e9ec4: ; ImmutableOopMap {rdi=Oop [112]=Oop r9=Oop [104]=Oop [96]=Oop rdx=Oop [88]=Oop [168]=Oop }
                      ;*monitorenter {reexecute=0 rethrow=0 return_oop=0}
                      ; - org.eclipse.osgi.internal.loader.ModuleClassLoader::defineClass@85 (line 303)
  0x00000291c23e9ec4: 07e9 9ff9 

  0x00000291c23e9ec8: ;   {metadata({method} {0x00000291d401e5d8} 'findLoadedClass' '(Ljava/lang/String;)Ljava/lang/Class;' in 'java/lang/ClassLoader')}
  0x00000291c23e9ec8: ffff 49ba | d0e5 01d4 | 9102 0000 | 4c89 5424 | 0848 c704 | 24ff ffff 

  0x00000291c23e9ee0: ;   {runtime_call counter_overflow Runtime1 stub}
  0x00000291c23e9ee0: ffe8 9a05 

  0x00000291c23e9ee4: ; ImmutableOopMap {[96]=Oop rdx=Oop [88]=Oop [112]=Oop [104]=Oop [168]=Oop }
                      ;*synchronization entry
                      ; - java.lang.ClassLoader::findLoadedClass@-1
                      ; - org.eclipse.osgi.internal.loader.ModuleClassLoader::defineClass@88 (line 304)
  0x00000291c23e9ee4: 1c07 e9bb 

  0x00000291c23e9ee8: ;   {runtime_call throw_null_pointer_exception Runtime1 stub}
  0x00000291c23e9ee8: f9ff ffe8 

  0x00000291c23e9eec: ; ImmutableOopMap {rdi=Oop [112]=Oop r9=Oop [104]=Oop [96]=Oop [88]=Oop [168]=Oop }
                      ;*arraylength {reexecute=0 rethrow=0 return_oop=0}
                      ; - org.eclipse.osgi.internal.loader.ModuleClassLoader::defineClass@103 (line 306)
  0x00000291c23e9eec: 30a3 1b07 

  0x00000291c23e9ef0: ;   {runtime_call throw_null_pointer_exception Runtime1 stub}
  0x00000291c23e9ef0: e82b a31b 

  0x00000291c23e9ef4: ; ImmutableOopMap {rdi=Oop [112]=Oop r9=Oop [104]=Oop [96]=Oop [88]=Oop [168]=Oop }
                      ;*invokevirtual getDomain {reexecute=0 rethrow=0 return_oop=0}
                      ; - org.eclipse.osgi.internal.loader.ModuleClassLoader::defineClass@105 (line 306)
  0x00000291c23e9ef4: 0748 8d84 | 24a0 0000 | 0048 8904 

  0x00000291c23e9f00: ;   {runtime_call monitorexit_nofpu Runtime1 stub}
  0x00000291c23e9f00: 24e8 fae1 | 1b07 e904 

  0x00000291c23e9f08: ;   {metadata({method} {0x00000291d4aaf1a0} 'unlockClassName' '(Ljava/lang/String;)V' in 'org/eclipse/osgi/internal/loader/ModuleClassLoader')}
  0x00000291c23e9f08: fbff ff49 | ba98 f1aa | d491 0200 | 004c 8954 | 2408 48c7 | 0424 ffff 

  0x00000291c23e9f20: ;   {runtime_call counter_overflow Runtime1 stub}
  0x00000291c23e9f20: ffff e859 

  0x00000291c23e9f24: ; ImmutableOopMap {[144]=Oop rdx=Oop [88]=Oop [96]=Oop }
                      ;*synchronization entry
                      ; - org.eclipse.osgi.internal.loader.ModuleClassLoader::unlockClassName@-1 (line 462)
                      ; - org.eclipse.osgi.internal.loader.ModuleClassLoader::defineClass@62 (line 298)
  0x00000291c23e9f24: 051c 07e9 | 88fb ffff 

  0x00000291c23e9f2c: ;   {runtime_call throw_null_pointer_exception Runtime1 stub}
  0x00000291c23e9f2c: e8ef a21b 

  0x00000291c23e9f30: ; ImmutableOopMap {rdx=Oop [88]=Oop [96]=Oop rsi=Oop [144]=Oop }
                      ;*monitorenter {reexecute=0 rethrow=0 return_oop=0}
                      ; - org.eclipse.osgi.internal.loader.ModuleClassLoader::unlockClassName@6 (line 462)
                      ; - org.eclipse.osgi.internal.loader.ModuleClassLoader::defineClass@62 (line 298)
  0x00000291c23e9f30: 0748 8974 | 2408 4c89 

  0x00000291c23e9f38: ;   {runtime_call monitorenter_nofpu Runtime1 stub}
  0x00000291c23e9f38: 0424 e841 

  0x00000291c23e9f3c: ; ImmutableOopMap {rdx=Oop [88]=Oop [96]=Oop rsi=Oop [144]=Oop [168]=Oop }
                      ;*monitorenter {reexecute=0 rethrow=0 return_oop=0}
                      ; - org.eclipse.osgi.internal.loader.ModuleClassLoader::unlockClassName@6 (line 462)
                      ; - org.eclipse.osgi.internal.loader.ModuleClassLoader::defineClass@62 (line 298)
  0x00000291c23e9f3c: db1b 07e9 | a7fb ffff 

  0x00000291c23e9f44: ;   {runtime_call throw_null_pointer_exception Runtime1 stub}
  0x00000291c23e9f44: e8d7 a21b 

  0x00000291c23e9f48: ; ImmutableOopMap {rdx=Oop [88]=Oop [152]=Oop [144]=Oop r8=Oop rdi=Oop [168]=Oop }
                      ;*invokeinterface remove {reexecute=0 rethrow=0 return_oop=0}
                      ; - org.eclipse.osgi.internal.loader.ModuleClassLoader::unlockClassName@12 (line 463)
                      ; - org.eclipse.osgi.internal.loader.ModuleClassLoader::defineClass@62 (line 298)
                      ;   {runtime_call throw_null_pointer_exception Runtime1 stub}
  0x00000291c23e9f48: 07e8 d2a2 

  0x00000291c23e9f4c: ; ImmutableOopMap {[152]=Oop [144]=Oop rdx=Oop [168]=Oop }
                      ;*invokevirtual notifyAll {reexecute=0 rethrow=0 return_oop=0}
                      ; - org.eclipse.osgi.internal.loader.ModuleClassLoader::unlockClassName@22 (line 464)
                      ; - org.eclipse.osgi.internal.loader.ModuleClassLoader::defineClass@62 (line 298)
  0x00000291c23e9f4c: 1b07 488d | 8424 a000 | 0000 4889 

  0x00000291c23e9f58: ;   {runtime_call monitorexit_nofpu Runtime1 stub}
  0x00000291c23e9f58: 0424 e8a1 | e11b 07e9 | 8bfc ffff 

  0x00000291c23e9f64: ;   {runtime_call fast_new_instance Runtime1 stub}
  0x00000291c23e9f64: 488b d2e8 

  0x00000291c23e9f68: ; ImmutableOopMap {rbx=Oop }
                      ;*new {reexecute=0 rethrow=0 return_oop=0}
                      ; - org.eclipse.osgi.internal.loader.ModuleClassLoader::defineClass@126 (line 311)
  0x00000291c23e9f68: 94ad 1b07 | e905 fdff 

  0x00000291c23e9f70: ;   {metadata({method} {0x00000291d4cc4218} '<init>' '(Ljava/lang/Class;Z)V' in 'org/eclipse/osgi/internal/loader/ModuleClassLoader$DefineClassResult')}
  0x00000291c23e9f70: ff49 ba10 | 42cc d491 | 0200 004c | 8954 2408 | 48c7 0424 | ffff ffff 

  0x00000291c23e9f88: ;   {runtime_call counter_overflow Runtime1 stub}
  0x00000291c23e9f88: e8f3 041c 

  0x00000291c23e9f8c: ; ImmutableOopMap {rbx=Oop rax=Oop }
                      ;*synchronization entry
                      ; - org.eclipse.osgi.internal.loader.ModuleClassLoader$DefineClassResult::<init>@-1 (line 97)
                      ; - org.eclipse.osgi.internal.loader.ModuleClassLoader::defineClass@134 (line 311)
  0x00000291c23e9f8c: 07e9 21fd 

  0x00000291c23e9f90: ;   {metadata({method} {0x00000291d4000488} '<init>' '()V' in 'java/lang/Object')}
  0x00000291c23e9f90: ffff 49ba | 8004 00d4 | 9102 0000 | 4c89 5424 | 0848 c704 | 24ff ffff 

  0x00000291c23e9fa8: ;   {runtime_call counter_overflow Runtime1 stub}
  0x00000291c23e9fa8: ffe8 d204 

  0x00000291c23e9fac: ; ImmutableOopMap {rbx=Oop rax=Oop }
                      ;*synchronization entry
                      ; - java.lang.Object::<init>@-1
                      ; - org.eclipse.osgi.internal.loader.ModuleClassLoader$DefineClassResult::<init>@1 (line 97)
                      ; - org.eclipse.osgi.internal.loader.ModuleClassLoader::defineClass@134 (line 311)
  0x00000291c23e9fac: 1c07 e93d 

  0x00000291c23e9fb0: ;   {internal_word}
  0x00000291c23e9fb0: fdff ff49 | ba1c 9d3e | c291 0200 | 004d 8997 | 6803 0000 

  0x00000291c23e9fc4: ;   {runtime_call SafepointBlob}
  0x00000291c23e9fc4: e9b7 ec11 | 0748 8d84 | 24a0 0000 | 0048 8904 

  0x00000291c23e9fd4: ;   {runtime_call monitorexit_nofpu Runtime1 stub}
  0x00000291c23e9fd4: 24e8 26e1 | 1b07 e999 | fdff ff48 | 8d84 24a0 | 0000 0048 

  0x00000291c23e9fe8: ;   {runtime_call monitorexit_nofpu Runtime1 stub}
  0x00000291c23e9fe8: 8904 24e8 | 10e1 1b07 | e9cc fdff | ff48 8d84 | 24a0 0000 | 0048 8904 

  0x00000291c23ea000: ;   {runtime_call monitorexit_nofpu Runtime1 stub}
  0x00000291c23ea000: 24e8 fae0 | 1b07 e9ff | fdff ff8b | 5c24 78e9 | 00fa ffff | 8b5c 2478 | e9f7 f9ff | ff8b 5c24 
  0x00000291c23ea020: 78e9 eef9 | ffff 8b5c | 2478 e9e5 | f9ff ff8b | 5c24 78e9 | dcf9 ffff | 9090 498b | 87e0 0300 
  0x00000291c23ea040: 0049 c787 | e003 0000 | 0000 0000 | 49c7 87e8 | 0300 0000 | 0000 0048 | 81c4 c000 

  0x00000291c23ea05c: ;   {runtime_call unwind_exception Runtime1 stub}
  0x00000291c23ea05c: 0000 5de9 | 9cc1 1207 | f4f4 f4f4 | f4f4 f4f4 | f4f4 f4f4 | f4f4 f4f4 | f4f4 f4f4 | f4f4 f4f4 
  0x00000291c23ea07c: f4f4 f4f4 
[Stub Code]
  0x00000291c23ea080: ;   {no_reloc}
  0x00000291c23ea080: 0f1f 4400 

  0x00000291c23ea084: ;   {static_stub}
  0x00000291c23ea084: 0048 bb00 | 0000 0000 

  0x00000291c23ea08c: ;   {runtime_call}
  0x00000291c23ea08c: 0000 00e9 | fbff ffff 

  0x00000291c23ea094: ;   {static_stub}
  0x00000291c23ea094: 9048 bb00 | 0000 0000 

  0x00000291c23ea09c: ;   {runtime_call}
  0x00000291c23ea09c: 0000 00e9 | fbff ffff 

  0x00000291c23ea0a4: ;   {static_stub}
  0x00000291c23ea0a4: 9048 bb00 | 0000 0000 

  0x00000291c23ea0ac: ;   {runtime_call}
  0x00000291c23ea0ac: 0000 00e9 | fbff ffff 

  0x00000291c23ea0b4: ;   {static_stub}
  0x00000291c23ea0b4: 9048 bb00 | 0000 0000 

  0x00000291c23ea0bc: ;   {runtime_call}
  0x00000291c23ea0bc: 0000 00e9 | fbff ffff 

  0x00000291c23ea0c4: ;   {static_stub}
  0x00000291c23ea0c4: 9048 bb00 | 0000 0000 

  0x00000291c23ea0cc: ;   {runtime_call}
  0x00000291c23ea0cc: 0000 00e9 | fbff ffff 

  0x00000291c23ea0d4: ;   {static_stub}
  0x00000291c23ea0d4: 9048 bb00 | 0000 0000 

  0x00000291c23ea0dc: ;   {runtime_call}
  0x00000291c23ea0dc: 0000 00e9 | fbff ffff 

  0x00000291c23ea0e4: ;   {static_stub}
  0x00000291c23ea0e4: 9048 bb00 | 0000 0000 

  0x00000291c23ea0ec: ;   {runtime_call}
  0x00000291c23ea0ec: 0000 00e9 | fbff ffff 

  0x00000291c23ea0f4: ;   {static_stub}
  0x00000291c23ea0f4: 9048 bb00 | 0000 0000 

  0x00000291c23ea0fc: ;   {runtime_call}
  0x00000291c23ea0fc: 0000 00e9 | fbff ffff 

  0x00000291c23ea104: ;   {static_stub}
  0x00000291c23ea104: 9048 bb00 | 0000 0000 

  0x00000291c23ea10c: ;   {runtime_call}
  0x00000291c23ea10c: 0000 00e9 | fbff ffff 

  0x00000291c23ea114: ;   {static_stub}
  0x00000291c23ea114: 9048 bb00 | 0000 0000 

  0x00000291c23ea11c: ;   {runtime_call}
  0x00000291c23ea11c: 0000 00e9 | fbff ffff 

  0x00000291c23ea124: ;   {static_stub}
  0x00000291c23ea124: 9048 bb00 | 0000 0000 

  0x00000291c23ea12c: ;   {runtime_call}
  0x00000291c23ea12c: 0000 00e9 | fbff ffff 
[Exception Handler]
  0x00000291c23ea134: ;   {runtime_call handle_exception_from_callee Runtime1 stub}
  0x00000291c23ea134: e8c7 c61b 

  0x00000291c23ea138: ;   {external_word}
  0x00000291c23ea138: 0748 b940 | 9a3e 7cf9 | 7f00 0048 

  0x00000291c23ea144: ;   {runtime_call}
  0x00000291c23ea144: 83e4 f049 | ba60 2d07 | 7cf9 7f00 | 0041 ffd2 

  0x00000291c23ea154: ;   {section_word}
  0x00000291c23ea154: f449 ba55 | a13e c291 | 0200 0041 

  0x00000291c23ea160: ;   {runtime_call DeoptimizationBlob}
  0x00000291c23ea160: 52e9 baff | 1107 f4f4 
[/MachCode]


---------------  P R O C E S S  ---------------

Threads class SMR info:
_java_thread_list=0x00000291db338df0, length=28, elements={
0x00000291bf3e0290, 0x00000291d842a020, 0x00000291d842b8a0, 0x00000291d32586b0,
0x00000291d3259180, 0x00000291d325e3b0, 0x00000291d844c330, 0x00000291d84512c0,
0x00000291d8456a50, 0x00000291d84604e0, 0x00000291d8586ca0, 0x00000291d85e35f0,
0x00000291d86091f0, 0x00000291d85e4e20, 0x00000291da551c30, 0x00000291da605330,
0x00000291da69b010, 0x00000291daa468b0, 0x00000291dacb70f0, 0x00000291da855cf0,
0x00000291dafdf7c0, 0x00000291daf35fe0, 0x00000291db1ea210, 0x00000291db1eaaa0,
0x00000291daf6d740, 0x00000291d8517a10, 0x00000291d8518940, 0x00000291d851b1c0
}

Java Threads: ( => current thread )
  0x00000291bf3e0290 JavaThread "main" [_thread_blocked, id=330076, stack(0x000000cfecf00000,0x000000cfed000000)]
  0x00000291d842a020 JavaThread "Reference Handler" daemon [_thread_blocked, id=330068, stack(0x000000cfed200000,0x000000cfed300000)]
  0x00000291d842b8a0 JavaThread "Finalizer" daemon [_thread_blocked, id=330072, stack(0x000000cfed300000,0x000000cfed400000)]
  0x00000291d32586b0 JavaThread "Signal Dispatcher" daemon [_thread_blocked, id=330092, stack(0x000000cfed400000,0x000000cfed500000)]
  0x00000291d3259180 JavaThread "Attach Listener" daemon [_thread_blocked, id=330236, stack(0x000000cfed500000,0x000000cfed600000)]
  0x00000291d325e3b0 JavaThread "Service Thread" daemon [_thread_blocked, id=330108, stack(0x000000cfed600000,0x000000cfed700000)]
  0x00000291d844c330 JavaThread "Monitor Deflation Thread" daemon [_thread_blocked, id=330136, stack(0x000000cfed700000,0x000000cfed800000)]
  0x00000291d84512c0 JavaThread "C2 CompilerThread0" daemon [_thread_blocked, id=330080, stack(0x000000cfed800000,0x000000cfed900000)]
  0x00000291d8456a50 JavaThread "C1 CompilerThread0" daemon [_thread_blocked, id=330104, stack(0x000000cfed900000,0x000000cfeda00000)]
  0x00000291d84604e0 JavaThread "Sweeper thread" daemon [_thread_blocked, id=330152, stack(0x000000cfeda00000,0x000000cfedb00000)]
  0x00000291d8586ca0 JavaThread "Common-Cleaner" daemon [_thread_blocked, id=330128, stack(0x000000cfedb00000,0x000000cfedc00000)]
  0x00000291d85e35f0 JavaThread "C1 CompilerThread1" daemon [_thread_blocked, id=330144, stack(0x000000cfedc00000,0x000000cfedd00000)]
  0x00000291d86091f0 JavaThread "C1 CompilerThread2" daemon [_thread_blocked, id=330124, stack(0x000000cfedd00000,0x000000cfede00000)]
  0x00000291d85e4e20 JavaThread "C2 CompilerThread1" daemon [_thread_blocked, id=330180, stack(0x000000cfede00000,0x000000cfedf00000)]
  0x00000291da551c30 JavaThread "C1 CompilerThread3" daemon [_thread_blocked, id=330192, stack(0x000000cfedf00000,0x000000cfee000000)]
  0x00000291da605330 JavaThread "Notification Thread" daemon [_thread_blocked, id=330184, stack(0x000000cfee000000,0x000000cfee100000)]
  0x00000291da69b010 JavaThread "C2 CompilerThread2" daemon [_thread_blocked, id=330240, stack(0x000000cfee200000,0x000000cfee300000)]
  0x00000291daa468b0 JavaThread "C2 CompilerThread3" daemon [_thread_blocked, id=330232, stack(0x000000cfee300000,0x000000cfee400000)]
  0x00000291dacb70f0 JavaThread "C2 CompilerThread4" daemon [_thread_blocked, id=330200, stack(0x000000cfee400000,0x000000cfee500000)]
  0x00000291da855cf0 JavaThread "C2 CompilerThread5" daemon [_thread_blocked, id=330244, stack(0x000000cfee500000,0x000000cfee600000)]
  0x00000291dafdf7c0 JavaThread "Active Thread: Equinox Container: 205c0bea-1f83-4e0c-8e10-29b8f2e58878" [_thread_blocked, id=330196, stack(0x000000cfeec00000,0x000000cfeed00000)]
  0x00000291daf35fe0 JavaThread "Framework Event Dispatcher: Equinox Container: 205c0bea-1f83-4e0c-8e10-29b8f2e58878" daemon [_thread_blocked, id=330264, stack(0x000000cfeed00000,0x000000cfeee00000)]
=>0x00000291db1ea210 JavaThread "Start Level: Equinox Container: 205c0bea-1f83-4e0c-8e10-29b8f2e58878" daemon [_thread_in_vm, id=330268, stack(0x000000cfeee00000,0x000000cfeef00000)]
  0x00000291db1eaaa0 JavaThread "SCR Component Actor" daemon [_thread_blocked, id=330276, stack(0x000000cfeef00000,0x000000cfef000000)]
  0x00000291daf6d740 JavaThread "SCR Component Registry" daemon [_thread_blocked, id=330496, stack(0x000000cfef200000,0x000000cfef300000)]
  0x00000291d8517a10 JavaThread "Worker-JM" [_thread_blocked, id=330280, stack(0x000000cfef300000,0x000000cfef400000)]
  0x00000291d8518940 JavaThread "Worker-0" [_thread_blocked, id=330288, stack(0x000000cfef600000,0x000000cfef700000)]
  0x00000291d851b1c0 JavaThread "Worker-1" [_thread_blocked, id=330296, stack(0x000000cfef700000,0x000000cfef800000)]

Other Threads:
  0x00000291d84166d0 VMThread "VM Thread" [stack: 0x000000cfed100000,0x000000cfed200000] [id=330040]
  0x00000291da605c20 WatcherThread [stack: 0x000000cfee100000,0x000000cfee200000] [id=330168]
  0x00000291bf3f3df0 GCTaskThread "GC Thread#0" [stack: 0x000000cfed000000,0x000000cfed100000] [id=330052]
  0x00000291dab8ed40 GCTaskThread "GC Thread#1" [stack: 0x000000cfee700000,0x000000cfee800000] [id=330188]
  0x00000291db0a1860 GCTaskThread "GC Thread#2" [stack: 0x000000cfee800000,0x000000cfee900000] [id=330228]
  0x00000291db0a1b20 GCTaskThread "GC Thread#3" [stack: 0x000000cfee900000,0x000000cfeea00000] [id=329952]
  0x00000291dae90e90 GCTaskThread "GC Thread#4" [stack: 0x000000cfeea00000,0x000000cfeeb00000] [id=330248]
  0x00000291dae91150 GCTaskThread "GC Thread#5" [stack: 0x000000cfeeb00000,0x000000cfeec00000] [id=330220]
  0x00000291db1a6eb0 GCTaskThread "GC Thread#6" [stack: 0x000000cfef000000,0x000000cfef100000] [id=330272]
  0x00000291db1b8120 GCTaskThread "GC Thread#7" [stack: 0x000000cfef100000,0x000000cfef200000] [id=330312]
  0x00000291db243120 GCTaskThread "GC Thread#8" [stack: 0x000000cfef400000,0x000000cfef500000] [id=330328]
  0x00000291db3df360 GCTaskThread "GC Thread#9" [stack: 0x000000cfef500000,0x000000cfef600000] [id=330300]
  0x00000291db124720 GCTaskThread "GC Thread#10" [stack: 0x000000cfef800000,0x000000cfef900000] [id=330308]

Threads with active compile tasks:

VM state: not at safepoint (normal execution)

VM Mutex/Monitor currently owned by a thread:  ([mutex/lock_event])
[0x00000291bd1d7010] Metaspace_lock - owner thread: 0x00000291db1ea210

Heap address: 0x00000000c0000000, size: 1024 MB, Compressed Oops mode: 32-bit

CDS archive(s) not mapped
Compressed class space mapped at: 0x0000000100000000-0x0000000140000000, reserved size: 1073741824
Narrow klass base: 0x0000000000000000, Narrow klass shift: 3, Narrow klass range: 0x140000000

GC Precious Log:
 CPUs: 16 total, 16 available
 Memory: 16085M
 Large Page Support: Disabled
 NUMA Support: Disabled
 Compressed Oops: Enabled (32-bit)
 Alignments: Space 512K, Generation 512K, Heap 2M
 Heap Min Capacity: 100M
 Heap Initial Capacity: 100M
 Heap Max Capacity: 1G
 Pre-touch: Disabled
 Parallel Workers: 13

Heap:
 PSYoungGen      total 29696K, used 24198K [0x00000000eab00000, 0x00000000ecc00000, 0x0000000100000000)
  eden space 25600K, 94% used [0x00000000eab00000,0x00000000ec2a19d0,0x00000000ec400000)
  from space 4096K, 0% used [0x00000000ec800000,0x00000000ec800000,0x00000000ecc00000)
  to   space 4096K, 0% used [0x00000000ec400000,0x00000000ec400000,0x00000000ec800000)
 ParOldGen       total 68608K, used 6601K [0x00000000c0000000, 0x00000000c4300000, 0x00000000eab00000)
  object space 68608K, 9% used [0x00000000c0000000,0x00000000c0672490,0x00000000c4300000)
 Metaspace       used 23737K, committed 24192K, reserved 1114112K
  class space    used 2348K, committed 2560K, reserved 1048576K

Card table byte_map: [0x00000291bed60000,0x00000291bef70000] _byte_map_base: 0x00000291be760000

Marking Bits: (ParMarkBitMap*) 0x00007ff97c65d7d0
 Begin Bits: [0x00000291d1060000, 0x00000291d2060000)
 End Bits:   [0x00000291d2060000, 0x00000291d3060000)

Polling page: 0x00000291bd170000

Metaspace:

Usage:
  Non-class:     20.89 MB used.
      Class:      2.29 MB used.
       Both:     23.18 MB used.

Virtual space:
  Non-class space:       64.00 MB reserved,      21.12 MB ( 33%) committed,  1 nodes.
      Class space:        1.00 GB reserved,       2.50 MB ( <1%) committed,  1 nodes.
             Both:        1.06 GB reserved,      23.62 MB (  2%) committed. 

Chunk freelists:
   Non-Class:  10.23 MB
       Class:  13.53 MB
        Both:  23.77 MB

MaxMetaspaceSize: unlimited
CompressedClassSpaceSize: 1.00 GB
Initial GC threshold: 21.00 MB
Current GC threshold: 35.00 MB
CDS: off
MetaspaceReclaimPolicy: balanced
 - commit_granule_bytes: 65536.
 - commit_granule_words: 8192.
 - virtual_space_node_default_size: 8388608.
 - enlarge_chunks_in_place: 1.
 - new_chunks_are_fully_committed: 0.
 - uncommit_free_chunks: 1.
 - use_allocation_guard: 0.
 - handle_deallocations: 1.


Internal statistics:

num_allocs_failed_limit: 3.
num_arena_births: 274.
num_arena_deaths: 14.
num_vsnodes_births: 2.
num_vsnodes_deaths: 0.
num_space_committed: 378.
num_space_uncommitted: 0.
num_chunks_returned_to_freelist: 17.
num_chunks_taken_from_freelist: 890.
num_chunk_merges: 8.
num_chunk_splits: 569.
num_chunks_enlarged: 388.
num_inconsistent_stats: 0.

CodeHeap 'non-profiled nmethods': size=119168Kb used=990Kb max_used=990Kb free=118177Kb
 bounds [0x00000291c9c00000, 0x00000291c9e70000, 0x00000291d1060000]
CodeHeap 'profiled nmethods': size=119104Kb used=4814Kb max_used=4814Kb free=114289Kb
 bounds [0x00000291c2060000, 0x00000291c2520000, 0x00000291c94b0000]
CodeHeap 'non-nmethods': size=7488Kb used=2886Kb max_used=2915Kb free=4602Kb
 bounds [0x00000291c94b0000, 0x00000291c9790000, 0x00000291c9c00000]
 total_blobs=2930 nmethods=2440 adapters=401
 compilation: enabled
              stopped_count=0, restarted_count=0
 full_count=0

Compilation events (20 events):
Event: 1.060 Thread 0x00000291d86091f0 nmethod 2431 0x00000291c2509e10 code [0x00000291c2509fc0, 0x00000291c250a1c8]
Event: 1.061 Thread 0x00000291da551c30 nmethod 2432 0x00000291c250a290 code [0x00000291c250a440, 0x00000291c250a648]
Event: 1.061 Thread 0x00000291d84512c0 2433       4       org.lombokweb.asm.MethodWriter::visitLabel (328 bytes)
Event: 1.061 Thread 0x00000291d85e4e20 nmethod 2399 0x00000291c9cf1d10 code [0x00000291c9cf1ea0, 0x00000291c9cf2538]
Event: 1.061 Thread 0x00000291d8456a50 nmethod 2429 0x00000291c250a710 code [0x00000291c250acc0, 0x00000291c250de38]
Event: 1.063 Thread 0x00000291d84512c0 nmethod 2433 0x00000291c9cf2a10 code [0x00000291c9cf2ba0, 0x00000291c9cf2f38]
Event: 1.066 Thread 0x00000291da551c30 2434       3       java.lang.invoke.TypeConvertingMethodAdapter::convertType (299 bytes)
Event: 1.067 Thread 0x00000291d85e4e20 2435       4       java.io.DataInputStream::readUTF (501 bytes)
Event: 1.067 Thread 0x00000291d86091f0 2436       3       jdk.internal.reflect.ConstructorAccessorImpl::<init> (5 bytes)
Event: 1.067 Thread 0x00000291d86091f0 nmethod 2436 0x00000291c250e910 code [0x00000291c250eac0, 0x00000291c250ec78]
Event: 1.067 Thread 0x00000291d84512c0 2437       4       java.util.concurrent.locks.AbstractQueuedSynchronizer::signalNext (34 bytes)
Event: 1.067 Thread 0x00000291d84512c0 nmethod 2437 0x00000291c9cf3210 code [0x00000291c9cf33a0, 0x00000291c9cf3478]
Event: 1.068 Thread 0x00000291da551c30 nmethod 2434 0x00000291c250ed90 code [0x00000291c250f3c0, 0x00000291c25128c8]
Event: 1.070 Thread 0x00000291daa468b0 2438       4       java.lang.ref.Reference::refersToImpl (6 bytes)
Event: 1.071 Thread 0x00000291daa468b0 nmethod 2438 0x00000291c9cf3590 code [0x00000291c9cf3700, 0x00000291c9cf3798]
Event: 1.077 Thread 0x00000291d85e35f0 2439       1       org.eclipse.osgi.internal.loader.sources.PackageSource::getId (5 bytes)
Event: 1.077 Thread 0x00000291d85e35f0 nmethod 2439 0x00000291c9cf3890 code [0x00000291c9cf3a20, 0x00000291c9cf3af8]
Event: 1.078 Thread 0x00000291da551c30 2440       1       lombok.patcher.scripts.AddFieldScript::access$0 (5 bytes)
Event: 1.078 Thread 0x00000291da551c30 nmethod 2440 0x00000291c9cf3b90 code [0x00000291c9cf3d20, 0x00000291c9cf3dd8]
Event: 1.089 Thread 0x00000291d85e4e20 nmethod 2435 0x00000291c9cf3e90 code [0x00000291c9cf4120, 0x00000291c9cf67c0]

GC Heap History (10 events):
Event: 0.395 GC heap before
{Heap before GC invocations=1 (full 0):
 PSYoungGen      total 29696K, used 25600K [0x00000000eab00000, 0x00000000ecc00000, 0x0000000100000000)
  eden space 25600K, 100% used [0x00000000eab00000,0x00000000ec400000,0x00000000ec400000)
  from space 4096K, 0% used [0x00000000ec800000,0x00000000ec800000,0x00000000ecc00000)
  to   space 4096K, 0% used [0x00000000ec400000,0x00000000ec400000,0x00000000ec800000)
 ParOldGen       total 68608K, used 0K [0x00000000c0000000, 0x00000000c4300000, 0x00000000eab00000)
  object space 68608K, 0% used [0x00000000c0000000,0x00000000c0000000,0x00000000c4300000)
 Metaspace       used 10642K, committed 10816K, reserved 1114112K
  class space    used 1061K, committed 1152K, reserved 1048576K
}
Event: 0.398 GC heap after
{Heap after GC invocations=1 (full 0):
 PSYoungGen      total 29696K, used 3076K [0x00000000eab00000, 0x00000000ecc00000, 0x0000000100000000)
  eden space 25600K, 0% used [0x00000000eab00000,0x00000000eab00000,0x00000000ec400000)
  from space 4096K, 75% used [0x00000000ec400000,0x00000000ec701140,0x00000000ec800000)
  to   space 4096K, 0% used [0x00000000ec800000,0x00000000ec800000,0x00000000ecc00000)
 ParOldGen       total 68608K, used 16K [0x00000000c0000000, 0x00000000c4300000, 0x00000000eab00000)
  object space 68608K, 0% used [0x00000000c0000000,0x00000000c0004000,0x00000000c4300000)
 Metaspace       used 10642K, committed 10816K, reserved 1114112K
  class space    used 1061K, committed 1152K, reserved 1048576K
}
Event: 0.674 GC heap before
{Heap before GC invocations=2 (full 0):
 PSYoungGen      total 29696K, used 28676K [0x00000000eab00000, 0x00000000ecc00000, 0x0000000100000000)
  eden space 25600K, 100% used [0x00000000eab00000,0x00000000ec400000,0x00000000ec400000)
  from space 4096K, 75% used [0x00000000ec400000,0x00000000ec701140,0x00000000ec800000)
  to   space 4096K, 0% used [0x00000000ec800000,0x00000000ec800000,0x00000000ecc00000)
 ParOldGen       total 68608K, used 16K [0x00000000c0000000, 0x00000000c4300000, 0x00000000eab00000)
  object space 68608K, 0% used [0x00000000c0000000,0x00000000c0004000,0x00000000c4300000)
 Metaspace       used 14569K, committed 14720K, reserved 1114112K
  class space    used 1462K, committed 1536K, reserved 1048576K
}
Event: 0.678 GC heap after
{Heap after GC invocations=2 (full 0):
 PSYoungGen      total 29696K, used 4083K [0x00000000eab00000, 0x00000000ecc00000, 0x0000000100000000)
  eden space 25600K, 0% used [0x00000000eab00000,0x00000000eab00000,0x00000000ec400000)
  from space 4096K, 99% used [0x00000000ec800000,0x00000000ecbfcde8,0x00000000ecc00000)
  to   space 4096K, 0% used [0x00000000ec400000,0x00000000ec400000,0x00000000ec800000)
 ParOldGen       total 68608K, used 702K [0x00000000c0000000, 0x00000000c4300000, 0x00000000eab00000)
  object space 68608K, 1% used [0x00000000c0000000,0x00000000c00af820,0x00000000c4300000)
 Metaspace       used 14569K, committed 14720K, reserved 1114112K
  class space    used 1462K, committed 1536K, reserved 1048576K
}
Event: 0.902 GC heap before
{Heap before GC invocations=3 (full 0):
 PSYoungGen      total 29696K, used 29682K [0x00000000eab00000, 0x00000000ecc00000, 0x0000000100000000)
  eden space 25600K, 99% used [0x00000000eab00000,0x00000000ec3ffdb8,0x00000000ec400000)
  from space 4096K, 99% used [0x00000000ec800000,0x00000000ecbfcde8,0x00000000ecc00000)
  to   space 4096K, 0% used [0x00000000ec400000,0x00000000ec400000,0x00000000ec800000)
 ParOldGen       total 68608K, used 702K [0x00000000c0000000, 0x00000000c4300000, 0x00000000eab00000)
  object space 68608K, 1% used [0x00000000c0000000,0x00000000c00af820,0x00000000c4300000)
 Metaspace       used 19618K, committed 20032K, reserved 1114112K
  class space    used 1998K, committed 2176K, reserved 1048576K
}
Event: 0.906 GC heap after
{Heap after GC invocations=3 (full 0):
 PSYoungGen      total 29696K, used 4087K [0x00000000eab00000, 0x00000000ecc00000, 0x0000000100000000)
  eden space 25600K, 0% used [0x00000000eab00000,0x00000000eab00000,0x00000000ec400000)
  from space 4096K, 99% used [0x00000000ec400000,0x00000000ec7fdde0,0x00000000ec800000)
  to   space 4096K, 0% used [0x00000000ec800000,0x00000000ec800000,0x00000000ecc00000)
 ParOldGen       total 68608K, used 2461K [0x00000000c0000000, 0x00000000c4300000, 0x00000000eab00000)
  object space 68608K, 3% used [0x00000000c0000000,0x00000000c0267748,0x00000000c4300000)
 Metaspace       used 19618K, committed 20032K, reserved 1114112K
  class space    used 1998K, committed 2176K, reserved 1048576K
}
Event: 0.981 GC heap before
{Heap before GC invocations=4 (full 0):
 PSYoungGen      total 29696K, used 12441K [0x00000000eab00000, 0x00000000ecc00000, 0x0000000100000000)
  eden space 25600K, 32% used [0x00000000eab00000,0x00000000eb328660,0x00000000ec400000)
  from space 4096K, 99% used [0x00000000ec400000,0x00000000ec7fdde0,0x00000000ec800000)
  to   space 4096K, 0% used [0x00000000ec800000,0x00000000ec800000,0x00000000ecc00000)
 ParOldGen       total 68608K, used 2461K [0x00000000c0000000, 0x00000000c4300000, 0x00000000eab00000)
  object space 68608K, 3% used [0x00000000c0000000,0x00000000c0267748,0x00000000c4300000)
 Metaspace       used 21048K, committed 21504K, reserved 1114112K
  class space    used 2150K, committed 2368K, reserved 1048576K
}
Event: 0.983 GC heap after
{Heap after GC invocations=4 (full 0):
 PSYoungGen      total 29696K, used 4066K [0x00000000eab00000, 0x00000000ecc00000, 0x0000000100000000)
  eden space 25600K, 0% used [0x00000000eab00000,0x00000000eab00000,0x00000000ec400000)
  from space 4096K, 99% used [0x00000000ec800000,0x00000000ecbf8ad8,0x00000000ecc00000)
  to   space 4096K, 0% used [0x00000000ec400000,0x00000000ec400000,0x00000000ec800000)
 ParOldGen       total 68608K, used 2749K [0x00000000c0000000, 0x00000000c4300000, 0x00000000eab00000)
  object space 68608K, 4% used [0x00000000c0000000,0x00000000c02af748,0x00000000c4300000)
 Metaspace       used 21048K, committed 21504K, reserved 1114112K
  class space    used 2150K, committed 2368K, reserved 1048576K
}
Event: 0.983 GC heap before
{Heap before GC invocations=5 (full 1):
 PSYoungGen      total 29696K, used 4066K [0x00000000eab00000, 0x00000000ecc00000, 0x0000000100000000)
  eden space 25600K, 0% used [0x00000000eab00000,0x00000000eab00000,0x00000000ec400000)
  from space 4096K, 99% used [0x00000000ec800000,0x00000000ecbf8ad8,0x00000000ecc00000)
  to   space 4096K, 0% used [0x00000000ec400000,0x00000000ec400000,0x00000000ec800000)
 ParOldGen       total 68608K, used 2749K [0x00000000c0000000, 0x00000000c4300000, 0x00000000eab00000)
  object space 68608K, 4% used [0x00000000c0000000,0x00000000c02af748,0x00000000c4300000)
 Metaspace       used 21048K, committed 21504K, reserved 1114112K
  class space    used 2150K, committed 2368K, reserved 1048576K
}
Event: 0.995 GC heap after
{Heap after GC invocations=5 (full 1):
 PSYoungGen      total 29696K, used 0K [0x00000000eab00000, 0x00000000ecc00000, 0x0000000100000000)
  eden space 25600K, 0% used [0x00000000eab00000,0x00000000eab00000,0x00000000ec400000)
  from space 4096K, 0% used [0x00000000ec800000,0x00000000ec800000,0x00000000ecc00000)
  to   space 4096K, 0% used [0x00000000ec400000,0x00000000ec400000,0x00000000ec800000)
 ParOldGen       total 68608K, used 6601K [0x00000000c0000000, 0x00000000c4300000, 0x00000000eab00000)
  object space 68608K, 9% used [0x00000000c0000000,0x00000000c0672490,0x00000000c4300000)
 Metaspace       used 21035K, committed 21504K, reserved 1114112K
  class space    used 2147K, committed 2368K, reserved 1048576K
}

Dll operation events (9 events):
Event: 0.006 Loaded shared library c:\Users\raguv\.vscode\extensions\redhat.java-1.28.1-win32-x64\jre\17.0.10-win32-x86_64\bin\java.dll
Event: 0.080 Loaded shared library c:\Users\raguv\.vscode\extensions\redhat.java-1.28.1-win32-x64\jre\17.0.10-win32-x86_64\bin\zip.dll
Event: 0.082 Loaded shared library C:\Users\raguv\.vscode\extensions\redhat.java-1.28.1-win32-x64\jre\17.0.10-win32-x86_64\bin\instrument.dll
Event: 0.089 Loaded shared library C:\Users\raguv\.vscode\extensions\redhat.java-1.28.1-win32-x64\jre\17.0.10-win32-x86_64\bin\net.dll
Event: 0.090 Loaded shared library C:\Users\raguv\.vscode\extensions\redhat.java-1.28.1-win32-x64\jre\17.0.10-win32-x86_64\bin\nio.dll
Event: 0.093 Loaded shared library C:\Users\raguv\.vscode\extensions\redhat.java-1.28.1-win32-x64\jre\17.0.10-win32-x86_64\bin\zip.dll
Event: 0.101 Loaded shared library C:\Users\raguv\.vscode\extensions\redhat.java-1.28.1-win32-x64\jre\17.0.10-win32-x86_64\bin\jimage.dll
Event: 0.129 Loaded shared library c:\Users\raguv\.vscode\extensions\redhat.java-1.28.1-win32-x64\jre\17.0.10-win32-x86_64\bin\verify.dll
Event: 0.631 Loaded shared library C:\Users\raguv\AppData\Roaming\Code\User\globalStorage\redhat.java\1.28.1\config_ss_win\org.eclipse.equinox.launcher\org.eclipse.equinox.launcher.win32.win32.x86_64_1.2.900.v20240129-1338\eclipse_11900.dll

Deoptimization events (20 events):
Event: 0.931 Thread 0x00000291db1ea210 Uncommon trap: trap_request=0xffffffc6 fr.pc=0x00000291c9cc6418 relative=0x0000000000001df8
Event: 0.931 Thread 0x00000291db1ea210 Uncommon trap: reason=bimorphic_or_optimized_type_check action=maybe_recompile pc=0x00000291c9cc6418 method=java.io.DataInputStream.readUnsignedShort()I @ 6 c2
Event: 0.931 Thread 0x00000291db1ea210 DEOPT PACKING pc=0x00000291c9cc6418 sp=0x000000cfeeef93a0
Event: 0.931 Thread 0x00000291db1ea210 DEOPT UNPACKING pc=0x00000291c9509ea3 sp=0x000000cfeeef9320 mode 2
Event: 0.931 Thread 0x00000291db1ea210 Uncommon trap: trap_request=0xffffffc6 fr.pc=0x00000291c9cc6418 relative=0x0000000000001df8
Event: 0.931 Thread 0x00000291db1ea210 Uncommon trap: reason=bimorphic_or_optimized_type_check action=maybe_recompile pc=0x00000291c9cc6418 method=java.io.DataInputStream.readUnsignedShort()I @ 6 c2
Event: 0.931 Thread 0x00000291db1ea210 DEOPT PACKING pc=0x00000291c9cc6418 sp=0x000000cfeeef92e0
Event: 0.931 Thread 0x00000291db1ea210 DEOPT UNPACKING pc=0x00000291c9509ea3 sp=0x000000cfeeef9260 mode 2
Event: 0.931 Thread 0x00000291db1ea210 Uncommon trap: trap_request=0xffffffc6 fr.pc=0x00000291c9cc6418 relative=0x0000000000001df8
Event: 0.931 Thread 0x00000291db1ea210 Uncommon trap: reason=bimorphic_or_optimized_type_check action=maybe_recompile pc=0x00000291c9cc6418 method=java.io.DataInputStream.readUnsignedShort()I @ 6 c2
Event: 0.931 Thread 0x00000291db1ea210 DEOPT PACKING pc=0x00000291c9cc6418 sp=0x000000cfeeef9230
Event: 0.931 Thread 0x00000291db1ea210 DEOPT UNPACKING pc=0x00000291c9509ea3 sp=0x000000cfeeef91b0 mode 2
Event: 0.932 Thread 0x00000291db1ea210 Uncommon trap: trap_request=0xffffffc6 fr.pc=0x00000291c9ccc7f4 relative=0x0000000000000694
Event: 0.932 Thread 0x00000291db1ea210 Uncommon trap: reason=bimorphic_or_optimized_type_check action=maybe_recompile pc=0x00000291c9ccc7f4 method=java.io.DataInputStream.readUnsignedShort()I @ 6 c2
Event: 0.932 Thread 0x00000291db1ea210 DEOPT PACKING pc=0x00000291c9ccc7f4 sp=0x000000cfeeef91e0
Event: 0.932 Thread 0x00000291db1ea210 DEOPT UNPACKING pc=0x00000291c9509ea3 sp=0x000000cfeeef91a8 mode 2
Event: 0.948 Thread 0x00000291db1ea210 Uncommon trap: trap_request=0xffffff45 fr.pc=0x00000291c9c9e4c0 relative=0x0000000000000040
Event: 0.948 Thread 0x00000291db1ea210 Uncommon trap: reason=unstable_if action=reinterpret pc=0x00000291c9c9e4c0 method=sun.nio.fs.WindowsPathParser.isSlash(C)Z @ 9 c2
Event: 0.948 Thread 0x00000291db1ea210 DEOPT PACKING pc=0x00000291c9c9e4c0 sp=0x000000cfeeef90d0
Event: 0.948 Thread 0x00000291db1ea210 DEOPT UNPACKING pc=0x00000291c9509ea3 sp=0x000000cfeeef9058 mode 2

Classes unloaded (7 events):
Event: 0.985 Thread 0x00000291d84166d0 Unloading class 0x000000010021a400 'java/lang/invoke/LambdaForm$MH+0x000000010021a400'
Event: 0.985 Thread 0x00000291d84166d0 Unloading class 0x000000010021a000 'java/lang/invoke/LambdaForm$MH+0x000000010021a000'
Event: 0.985 Thread 0x00000291d84166d0 Unloading class 0x0000000100219c00 'java/lang/invoke/LambdaForm$MH+0x0000000100219c00'
Event: 0.985 Thread 0x00000291d84166d0 Unloading class 0x0000000100219800 'java/lang/invoke/LambdaForm$MH+0x0000000100219800'
Event: 0.985 Thread 0x00000291d84166d0 Unloading class 0x0000000100219400 'java/lang/invoke/LambdaForm$BMH+0x0000000100219400'
Event: 0.985 Thread 0x00000291d84166d0 Unloading class 0x0000000100219000 'java/lang/invoke/LambdaForm$DMH+0x0000000100219000'
Event: 0.985 Thread 0x00000291d84166d0 Unloading class 0x0000000100214400 'java/lang/invoke/LambdaForm$DMH+0x0000000100214400'

Classes redefined (0 events):
No events

Internal exceptions (20 events):
Event: 0.872 Thread 0x00000291db1ea210 Exception <a 'java/lang/NoSuchMethodError'{0x00000000ec143cd0}: 'int java.lang.invoke.DirectMethodHandle$Holder.invokeStatic(java.lang.Object, java.lang.Object, int)'> (0x00000000ec143cd0) 
thrown [s\src\hotspot\share\interpreter\linkResolver.cpp, line 759]
Event: 0.872 Thread 0x00000291db1ea210 Exception <a 'java/lang/NoSuchMethodError'{0x00000000ec147cf8}: 'int java.lang.invoke.DirectMethodHandle$Holder.invokeSpecial(java.lang.Object, java.lang.Object, java.lang.Object, int)'> (0x00000000ec147cf8) 
thrown [s\src\hotspot\share\interpreter\linkResolver.cpp, line 759]
Event: 0.873 Thread 0x00000291db1ea210 Exception <a 'java/lang/NoSuchMethodError'{0x00000000ec1640f0}: 'java.lang.Object java.lang.invoke.DirectMethodHandle$Holder.invokeStatic(java.lang.Object, java.lang.Object, java.lang.Object, java.lang.Object, int)'> (0x00000000ec1640f0) 
thrown [s\src\hotspot\share\interpreter\linkResolver.cpp, line 759]
Event: 0.874 Thread 0x00000291db1ea210 Exception <a 'java/lang/NoSuchMethodError'{0x00000000ec1700e8}: 'java.lang.Object java.lang.invoke.DelegatingMethodHandle$Holder.reinvoke_L(java.lang.Object, java.lang.Object, java.lang.Object, java.lang.Object, int, int)'> (0x00000000ec1700e8) 
thrown [s\src\hotspot\share\interpreter\linkResolver.cpp, line 759]
Event: 0.874 Thread 0x00000291db1ea210 Exception <a 'java/lang/NoSuchMethodError'{0x00000000ec184b50}: 'java.lang.Object java.lang.invoke.Invokers$Holder.invokeExact_MT(java.lang.Object, java.lang.Object, java.lang.Object, java.lang.Object)'> (0x00000000ec184b50) 
thrown [s\src\hotspot\share\interpreter\linkResolver.cpp, line 759]
Event: 0.908 Thread 0x00000291db1ea210 Exception <a 'java/io/FileNotFoundException'{0x00000000eab148d8}> (0x00000000eab148d8) 
thrown [s\src\hotspot\share\prims\jni.cpp, line 516]
Event: 0.909 Thread 0x00000291db1ea210 Exception <a 'java/io/FileNotFoundException'{0x00000000eab1ba80}> (0x00000000eab1ba80) 
thrown [s\src\hotspot\share\prims\jni.cpp, line 516]
Event: 0.932 Thread 0x00000291db1ea210 Exception <a 'java/lang/NoSuchMethodError'{0x00000000eaddc438}: 'java.lang.Object java.lang.invoke.DirectMethodHandle$Holder.newInvokeSpecial(java.lang.Object, java.lang.Object, java.lang.Object, java.lang.Object, java.lang.Object)'> (0x00000000eaddc438) 
thrown [s\src\hotspot\share\interpreter\linkResolver.cpp, line 759]
Event: 0.964 Thread 0x00000291db1ea210 Exception <a 'java/lang/NoSuchMethodError'{0x00000000eb165698}: 'java.lang.Object java.lang.invoke.DirectMethodHandle$Holder.invokeSpecial(java.lang.Object, java.lang.Object, java.lang.Object, long, java.lang.Object)'> (0x00000000eb165698) 
thrown [s\src\hotspot\share\interpreter\linkResolver.cpp, line 759]
Event: 0.965 Thread 0x00000291db1ea210 Exception <a 'java/lang/NoSuchMethodError'{0x00000000eb16d850}: 'java.lang.Object java.lang.invoke.DirectMethodHandle$Holder.newInvokeSpecial(java.lang.Object, java.lang.Object, java.lang.Object, long)'> (0x00000000eb16d850) 
thrown [s\src\hotspot\share\interpreter\linkResolver.cpp, line 759]
Event: 0.965 Thread 0x00000291db1ea210 Exception <a 'java/lang/NoSuchMethodError'{0x00000000eb1722e0}: 'java.lang.Object java.lang.invoke.DirectMethodHandle$Holder.invokeSpecial(java.lang.Object, java.lang.Object, java.lang.Object, java.lang.Object, long)'> (0x00000000eb1722e0) 
thrown [s\src\hotspot\share\interpreter\linkResolver.cpp, line 759]
Event: 0.965 Thread 0x00000291db1ea210 Exception <a 'java/lang/NoSuchMethodError'{0x00000000eb176158}: 'java.lang.Object java.lang.invoke.Invokers$Holder.linkToTargetMethod(java.lang.Object, java.lang.Object, long, java.lang.Object)'> (0x00000000eb176158) 
thrown [s\src\hotspot\share\interpreter\linkResolver.cpp, line 759]
Event: 0.969 Thread 0x00000291db1ea210 Exception <a 'java/lang/NoSuchMethodError'{0x00000000eb1e9758}: 'int java.lang.invoke.DirectMethodHandle$Holder.invokeStaticInit(java.lang.Object, java.lang.Object, java.lang.Object)'> (0x00000000eb1e9758) 
thrown [s\src\hotspot\share\interpreter\linkResolver.cpp, line 759]
Event: 0.972 Thread 0x00000291db1ea210 Exception <a 'java/lang/IncompatibleClassChangeError'{0x00000000eb254c30}: Found class java.lang.Object, but interface was expected> (0x00000000eb254c30) 
thrown [s\src\hotspot\share\interpreter\linkResolver.cpp, line 826]
Event: 0.977 Thread 0x00000291db1ea210 Exception <a 'java/lang/NoSuchMethodError'{0x00000000eb28a6f8}: 'java.lang.Object java.lang.invoke.DirectMethodHandle$Holder.invokeSpecial(java.lang.Object, java.lang.Object, java.lang.Object, int, java.lang.Object, java.lang.Object)'> (0x00000000eb28a6f8) 
thrown [s\src\hotspot\share\interpreter\linkResolver.cpp, line 759]
Event: 0.977 Thread 0x00000291db1ea210 Exception <a 'java/lang/NoSuchMethodError'{0x00000000eb292e80}: 'java.lang.Object java.lang.invoke.DirectMethodHandle$Holder.newInvokeSpecial(java.lang.Object, java.lang.Object, java.lang.Object, int, java.lang.Object)'> (0x00000000eb292e80) 
thrown [s\src\hotspot\share\interpreter\linkResolver.cpp, line 759]
Event: 0.977 Thread 0x00000291db1ea210 Exception <a 'java/lang/NoSuchMethodError'{0x00000000eb2972d8}: 'java.lang.Object java.lang.invoke.DirectMethodHandle$Holder.invokeSpecial(java.lang.Object, java.lang.Object, java.lang.Object, java.lang.Object, int, java.lang.Object)'> (0x00000000eb2972d8) 
thrown [s\src\hotspot\share\interpreter\linkResolver.cpp, line 759]
Event: 0.978 Thread 0x00000291d8518940 Exception <a 'java/lang/NoSuchMethodError'{0x00000000eb1a9f90}: 'java.lang.Object java.lang.invoke.DirectMethodHandle$Holder.invokeSpecial(java.lang.Object, java.lang.Object, int, java.lang.Object, java.lang.Object)'> (0x00000000eb1a9f90) 
thrown [s\src\hotspot\share\interpreter\linkResolver.cpp, line 759]
Event: 0.978 Thread 0x00000291d8518940 Exception <a 'java/lang/NoSuchMethodError'{0x00000000eb1b1660}: 'java.lang.Object java.lang.invoke.DirectMethodHandle$Holder.newInvokeSpecial(java.lang.Object, java.lang.Object, int, java.lang.Object)'> (0x00000000eb1b1660) 
thrown [s\src\hotspot\share\interpreter\linkResolver.cpp, line 759]
Event: 0.978 Thread 0x00000291d8518940 Exception <a 'java/lang/NoSuchMethodError'{0x00000000eb1b5170}: 'java.lang.Object java.lang.invoke.DirectMethodHandle$Holder.invokeSpecial(java.lang.Object, java.lang.Object, java.lang.Object, int, java.lang.Object)'> (0x00000000eb1b5170) 
thrown [s\src\hotspot\share\interpreter\linkResolver.cpp, line 759]

VM Operations (20 events):
Event: 0.550 Executing VM operation: HandshakeAllThreads
Event: 0.550 Executing VM operation: HandshakeAllThreads done
Event: 0.556 Executing VM operation: HandshakeAllThreads
Event: 0.556 Executing VM operation: HandshakeAllThreads done
Event: 0.581 Executing VM operation: ICBufferFull
Event: 0.581 Executing VM operation: ICBufferFull done
Event: 0.672 Executing VM operation: HandshakeAllThreads
Event: 0.672 Executing VM operation: HandshakeAllThreads done
Event: 0.674 Executing VM operation: ParallelGCFailedAllocation
Event: 0.678 Executing VM operation: ParallelGCFailedAllocation done
Event: 0.820 Executing VM operation: HandshakeAllThreads
Event: 0.820 Executing VM operation: HandshakeAllThreads done
Event: 0.869 Executing VM operation: HandshakeAllThreads
Event: 0.869 Executing VM operation: HandshakeAllThreads done
Event: 0.902 Executing VM operation: ParallelGCFailedAllocation
Event: 0.906 Executing VM operation: ParallelGCFailedAllocation done
Event: 0.981 Executing VM operation: CollectForMetadataAllocation
Event: 0.995 Executing VM operation: CollectForMetadataAllocation done
Event: 0.998 Executing VM operation: HandshakeAllThreads
Event: 0.998 Executing VM operation: HandshakeAllThreads done

Events (20 events):
Event: 1.017 loading class java/util/zip/GZIPInputStream
Event: 1.017 loading class java/util/zip/GZIPInputStream done
Event: 1.024 loading class java/io/StringReader
Event: 1.024 loading class java/io/StringReader done
Event: 1.027 loading class java/net/SocketTimeoutException
Event: 1.027 loading class java/io/InterruptedIOException
Event: 1.027 loading class java/io/InterruptedIOException done
Event: 1.027 loading class java/net/SocketTimeoutException done
Event: 1.027 loading class java/net/SocketException
Event: 1.027 loading class java/net/SocketException done
Event: 1.027 loading class java/net/UnknownHostException
Event: 1.027 loading class java/net/UnknownHostException done
Event: 1.027 loading class java/net/ProtocolException
Event: 1.027 loading class java/net/ProtocolException done
Event: 1.035 loading class java/lang/ThreadLocal$SuppliedThreadLocal
Event: 1.035 loading class java/lang/ThreadLocal$SuppliedThreadLocal done
Event: 1.038 loading class java/io/FileWriter
Event: 1.038 loading class java/io/FileWriter done
Event: 1.038 loading class java/lang/NegativeArraySizeException
Event: 1.038 loading class java/lang/NegativeArraySizeException done


Dynamic libraries:
0x00007ff6425d0000 - 0x00007ff6425de000 	c:\Users\raguv\.vscode\extensions\redhat.java-1.28.1-win32-x64\jre\17.0.10-win32-x86_64\bin\java.exe
0x00007ffa2cf90000 - 0x00007ffa2d1a6000 	C:\WINDOWS\SYSTEM32\ntdll.dll
0x00007ffa2b970000 - 0x00007ffa2ba34000 	C:\WINDOWS\System32\KERNEL32.DLL
0x00007ffa2a740000 - 0x00007ffa2aae6000 	C:\WINDOWS\System32\KERNELBASE.dll
0x00007ffa27160000 - 0x00007ffa271f7000 	C:\WINDOWS\SYSTEM32\apphelp.dll
0x00007ffa2ab20000 - 0x00007ffa2ac31000 	C:\WINDOWS\System32\ucrtbase.dll
0x00007ffa20cf0000 - 0x00007ffa20d07000 	c:\Users\raguv\.vscode\extensions\redhat.java-1.28.1-win32-x64\jre\17.0.10-win32-x86_64\bin\jli.dll
0x00007ffa20620000 - 0x00007ffa2063b000 	c:\Users\raguv\.vscode\extensions\redhat.java-1.28.1-win32-x64\jre\17.0.10-win32-x86_64\bin\VCRUNTIME140.dll
0x00007ffa2b500000 - 0x00007ffa2b6ad000 	C:\WINDOWS\System32\USER32.dll
0x00007ffa1b050000 - 0x00007ffa1b2e3000 	C:\WINDOWS\WinSxS\amd64_microsoft.windows.common-controls_6595b64144ccf1df_6.0.22621.3235_none_270f74e173860f98\COMCTL32.dll
0x00007ffa2acb0000 - 0x00007ffa2acd6000 	C:\WINDOWS\System32\win32u.dll
0x00007ffa2b3f0000 - 0x00007ffa2b497000 	C:\WINDOWS\System32\msvcrt.dll
0x00007ffa2acf0000 - 0x00007ffa2ad19000 	C:\WINDOWS\System32\GDI32.dll
0x00007ffa2a350000 - 0x00007ffa2a468000 	C:\WINDOWS\System32\gdi32full.dll
0x00007ffa2a530000 - 0x00007ffa2a5ca000 	C:\WINDOWS\System32\msvcp_win.dll
0x00007ffa2ae30000 - 0x00007ffa2ae61000 	C:\WINDOWS\System32\IMM32.DLL
0x00007ffa234a0000 - 0x00007ffa234ac000 	c:\Users\raguv\.vscode\extensions\redhat.java-1.28.1-win32-x64\jre\17.0.10-win32-x86_64\bin\vcruntime140_1.dll
0x00007ff9fb8a0000 - 0x00007ff9fb92d000 	c:\Users\raguv\.vscode\extensions\redhat.java-1.28.1-win32-x64\jre\17.0.10-win32-x86_64\bin\msvcp140.dll
0x00007ff97bac0000 - 0x00007ff97c722000 	c:\Users\raguv\.vscode\extensions\redhat.java-1.28.1-win32-x64\jre\17.0.10-win32-x86_64\bin\server\jvm.dll
0x00007ffa2c8f0000 - 0x00007ffa2c9a2000 	C:\WINDOWS\System32\ADVAPI32.dll
0x00007ffa2ad80000 - 0x00007ffa2ae28000 	C:\WINDOWS\System32\sechost.dll
0x00007ffa2aaf0000 - 0x00007ffa2ab18000 	C:\WINDOWS\System32\bcrypt.dll
0x00007ffa2c9b0000 - 0x00007ffa2cac5000 	C:\WINDOWS\System32\RPCRT4.dll
0x00007ffa21590000 - 0x00007ffa21599000 	C:\WINDOWS\SYSTEM32\WSOCK32.dll
0x00007ffa29120000 - 0x00007ffa2916d000 	C:\WINDOWS\SYSTEM32\POWRPROF.dll
0x00007ffa2b270000 - 0x00007ffa2b2e1000 	C:\WINDOWS\System32\WS2_32.dll
0x00007ffa23320000 - 0x00007ffa23354000 	C:\WINDOWS\SYSTEM32\WINMM.dll
0x00007ffa225e0000 - 0x00007ffa225ea000 	C:\WINDOWS\SYSTEM32\VERSION.dll
0x00007ffa29100000 - 0x00007ffa29113000 	C:\WINDOWS\SYSTEM32\UMPDC.dll
0x00007ffa293c0000 - 0x00007ffa293d8000 	C:\WINDOWS\SYSTEM32\kernel.appcore.dll
0x00007ffa20b40000 - 0x00007ffa20b4a000 	c:\Users\raguv\.vscode\extensions\redhat.java-1.28.1-win32-x64\jre\17.0.10-win32-x86_64\bin\jimage.dll
0x00007ffa27d60000 - 0x00007ffa27f93000 	C:\WINDOWS\SYSTEM32\DBGHELP.DLL
0x00007ffa2ba40000 - 0x00007ffa2bdc8000 	C:\WINDOWS\System32\combase.dll
0x00007ffa2c7f0000 - 0x00007ffa2c8c7000 	C:\WINDOWS\System32\OLEAUT32.dll
0x00007ffa0af60000 - 0x00007ffa0af92000 	C:\WINDOWS\SYSTEM32\dbgcore.DLL
0x00007ffa2a2d0000 - 0x00007ffa2a34a000 	C:\WINDOWS\System32\bcryptPrimitives.dll
0x00007ffa20a30000 - 0x00007ffa20a3e000 	c:\Users\raguv\.vscode\extensions\redhat.java-1.28.1-win32-x64\jre\17.0.10-win32-x86_64\bin\instrument.dll
0x00007ffa1f800000 - 0x00007ffa1f825000 	c:\Users\raguv\.vscode\extensions\redhat.java-1.28.1-win32-x64\jre\17.0.10-win32-x86_64\bin\java.dll
0x00007ffa20550000 - 0x00007ffa20568000 	c:\Users\raguv\.vscode\extensions\redhat.java-1.28.1-win32-x64\jre\17.0.10-win32-x86_64\bin\zip.dll
0x00007ffa2bdd0000 - 0x00007ffa2c62d000 	C:\WINDOWS\System32\SHELL32.dll
0x00007ffa281e0000 - 0x00007ffa28ad8000 	C:\WINDOWS\SYSTEM32\windows.storage.dll
0x00007ffa280a0000 - 0x00007ffa281de000 	C:\WINDOWS\SYSTEM32\wintypes.dll
0x00007ffa2b6b0000 - 0x00007ffa2b7a3000 	C:\WINDOWS\System32\SHCORE.dll
0x00007ffa2b4a0000 - 0x00007ffa2b4fe000 	C:\WINDOWS\System32\shlwapi.dll
0x00007ffa2a200000 - 0x00007ffa2a226000 	C:\WINDOWS\SYSTEM32\profapi.dll
0x00007ffa1ebc0000 - 0x00007ffa1ebd9000 	C:\Users\raguv\.vscode\extensions\redhat.java-1.28.1-win32-x64\jre\17.0.10-win32-x86_64\bin\net.dll
0x00007ffa24030000 - 0x00007ffa24167000 	C:\WINDOWS\SYSTEM32\WINHTTP.dll
0x00007ffa29830000 - 0x00007ffa29899000 	C:\WINDOWS\system32\mswsock.dll
0x00007ffa1a780000 - 0x00007ffa1a796000 	C:\Users\raguv\.vscode\extensions\redhat.java-1.28.1-win32-x64\jre\17.0.10-win32-x86_64\bin\nio.dll
0x00007ffa20440000 - 0x00007ffa20450000 	c:\Users\raguv\.vscode\extensions\redhat.java-1.28.1-win32-x64\jre\17.0.10-win32-x86_64\bin\verify.dll
0x00007ffa20120000 - 0x00007ffa2015e000 	C:\Users\raguv\AppData\Roaming\Code\User\globalStorage\redhat.java\1.28.1\config_ss_win\org.eclipse.equinox.launcher\org.eclipse.equinox.launcher.win32.win32.x86_64_1.2.900.v20240129-1338\eclipse_11900.dll
0x00007ffa2b0d0000 - 0x00007ffa2b26f000 	C:\WINDOWS\System32\ole32.dll

dbghelp: loaded successfully - version: 4.0.5 - missing functions: none
symbol engine: initialized successfully - sym options: 0x614 - pdb path: .;c:\Users\raguv\.vscode\extensions\redhat.java-1.28.1-win32-x64\jre\17.0.10-win32-x86_64\bin;C:\WINDOWS\SYSTEM32;C:\WINDOWS\WinSxS\amd64_microsoft.windows.common-controls_6595b64144ccf1df_6.0.22621.3235_none_270f74e173860f98;c:\Users\raguv\.vscode\extensions\redhat.java-1.28.1-win32-x64\jre\17.0.10-win32-x86_64\bin\server;C:\Users\raguv\AppData\Roaming\Code\User\globalStorage\redhat.java\1.28.1\config_ss_win\org.eclipse.equinox.launcher\org.eclipse.equinox.launcher.win32.win32.x86_64_1.2.900.v20240129-1338

VM Arguments:
jvm_args: --add-modules=ALL-SYSTEM --add-opens=java.base/java.util=ALL-UNNAMED --add-opens=java.base/java.lang=ALL-UNNAMED --add-opens=java.base/sun.nio.fs=ALL-UNNAMED -Declipse.application=org.eclipse.jdt.ls.core.id1 -Dosgi.bundles.defaultStartLevel=4 -Declipse.product=org.eclipse.jdt.ls.core.product -Djava.import.generatesMetadataFilesAtProjectRoot=false -DDetectVMInstallationsJob.disabled=true -Dfile.encoding=utf8 -XX:+UseParallelGC -XX:GCTimeRatio=4 -XX:AdaptiveSizePolicyWeight=90 -Dsun.zip.disableMemoryMapping=true -Xmx1G -Xms100m -Xlog:disable -javaagent:c:\Users\raguv\.vscode\extensions\redhat.java-1.28.1-win32-x64\lombok\lombok-1.18.31.jar 
java_command: c:\Users\raguv\.vscode\extensions\redhat.java-1.28.1-win32-x64\server\plugins\org.eclipse.equinox.launcher_1.6.700.v20231214-2017.jar -configuration c:\Users\raguv\AppData\Roaming\Code\User\globalStorage\redhat.java\1.28.1\config_ss_win -data c:\Users\raguv\AppData\Roaming\Code\User\workspaceStorage\3369feadbb714503eb105f69fa7612c8\redhat.java\ss_ws --stdio
java_class_path (initial): c:\Users\raguv\.vscode\extensions\redhat.java-1.28.1-win32-x64\server\plugins\org.eclipse.equinox.launcher_1.6.700.v20231214-2017.jar
Launcher Type: SUN_STANDARD

[Global flags]
    uintx AdaptiveSizePolicyWeight                 = 90                                        {product} {command line}
     intx CICompilerCount                          = 12                                        {product} {ergonomic}
    uintx GCTimeRatio                              = 4                                         {product} {command line}
   size_t InitialHeapSize                          = 104857600                                 {product} {command line}
   size_t MaxHeapSize                              = 1073741824                                {product} {command line}
   size_t MaxNewSize                               = 357564416                                 {product} {ergonomic}
   size_t MinHeapDeltaBytes                        = 524288                                    {product} {ergonomic}
   size_t MinHeapSize                              = 104857600                                 {product} {command line}
   size_t NewSize                                  = 34603008                                  {product} {ergonomic}
    uintx NonNMethodCodeHeapSize                   = 7602480                                {pd product} {ergonomic}
    uintx NonProfiledCodeHeapSize                  = 122027880                              {pd product} {ergonomic}
   size_t OldSize                                  = 70254592                                  {product} {ergonomic}
    uintx ProfiledCodeHeapSize                     = 122027880                              {pd product} {ergonomic}
    uintx ReservedCodeCacheSize                    = 251658240                              {pd product} {ergonomic}
     bool SegmentedCodeCache                       = true                                      {product} {ergonomic}
   size_t SoftMaxHeapSize                          = 1073741824                             {manageable} {ergonomic}
     bool UseCompressedClassPointers               = true                           {product lp64_product} {ergonomic}
     bool UseCompressedOops                        = true                           {product lp64_product} {ergonomic}
     bool UseLargePagesIndividualAllocation        = false                                  {pd product} {ergonomic}
     bool UseParallelGC                            = true                                      {product} {command line}

Logging:
Log output configuration:
 #0: stdout all=off uptime,level,tags
 #1: stderr all=off uptime,level,tags

Environment Variables:
PATH=C:\Program Files\Common Files\Oracle\Java\javapath;C:\Windows\system32;C:\Windows;C:\Windows\System32\Wbem;C:\Windows\System32\WindowsPowerShell\v1.0\;C:\Windows\System32\OpenSSH\;C:\Program Files (x86)\NVIDIA Corporation\PhysX\Common;C:\Program Files\NVIDIA Corporation\NVIDIA NvDLISR;C:\WINDOWS\system32;C:\WINDOWS;C:\WINDOWS\System32\Wbem;C:\WINDOWS\System32\WindowsPowerShell\v1.0\;C:\WINDOWS\System32\OpenSSH\;C:\Program Files\Git\cmd;C:\Program Files\MySQL\MySQL Server 8.0\bin;C:\Program Files\dotnet\;C:\Program Files\PowerShell\7\;C:\Program Files\MySQL\MySQL Shell 8.0\bin\;C:\Users\raguv\AppData\Local\Microsoft\WindowsApps;C:\Program Files\JetBrains\IntelliJ IDEA Community Edition 2023.1\bin;;C:\Users\raguv\AppData\Local\GitHubDesktop\bin;C:\Program Files\Git\bin\;C:\Program Files\Git\cmd\;C:\Users\raguv\AppData\Local\Programs\Microsoft VS Code\bin;C:\Program Files\apache-maven-3.9.2-bin\apache-maven-3.9.2\bin;
USERNAME=brahmabull3
OS=Windows_NT
PROCESSOR_IDENTIFIER=Intel64 Family 6 Model 141 Stepping 1, GenuineIntel
TMP=C:\Users\raguv\AppData\Local\Temp
TEMP=C:\Users\raguv\AppData\Local\Temp



Periodic native trim disabled


---------------  S Y S T E M  ---------------

OS:
 Windows 11 , 64 bit Build 22621 (10.0.22621.3235)
OS uptime: 0 days 16:52 hours
Hyper-V role detected

CPU: total 16 (initial active 16) (8 cores per cpu, 2 threads per core) family 6 model 141 stepping 1 microcode 0x34, cx8, cmov, fxsr, ht, mmx, 3dnowpref, sse, sse2, sse3, ssse3, sse4.1, sse4.2, popcnt, lzcnt, tsc, tscinvbit, avx, avx2, aes, erms, clmul, bmi1, bmi2, adx, avx512f, avx512dq, avx512cd, avx512bw, avx512vl, sha, fma, vzeroupper, avx512_vpopcntdq, avx512_vpclmulqdq, avx512_vaes, avx512_vnni, clflush, clflushopt, clwb, avx512_vbmi2, avx512_vbmi, hv
Processor Information for all 16 processors :
  Max Mhz: 2301, Current Mhz: 2301, Mhz Limit: 2301

Memory: 4k page, system-wide physical 16085M (6711M free)
TotalPageFile size 18991M (AvailPageFile size 296M)
current process WorkingSet (physical memory assigned to process): 119M, peak: 119M
current process commit charge ("private bytes"): 241M, peak: 241M

vm_info: OpenJDK 64-Bit Server VM (17.0.10+7) for windows-amd64 JRE (17.0.10+7), built on Jan 16 2024 23:25:11 by "admin" with MS VC++ 16.10 / 16.11 (VS2019)

END.
